HGENE_ENSEMBL_ID	CONDITION_ID
ENSG00000000419	OMIM:608799
ENSG00000000971	OMIM:126700|OMIM:235400
ENSG00000001084	OMIM:230450|OMIM:608446
ENSG00000001497	OMIM:309585
ENSG00000001626	OMIM:167800|OMIM:211400|OMIM:219700|OMIM:277180
ENSG00000001631	OMIM:116860
ENSG00000002822	OMIM:176807
ENSG00000003393	OMIM:205100|OMIM:606353|OMIM:607225
ENSG00000003400	OMIM:603909|OMIM:605027
ENSG00000004455	OMIM:267500
ENSG00000004848	OMIM:300004|OMIM:300215|OMIM:300419|OMIM:308350|OMIM:309510
ENSG00000004864	OMIM:603471|OMIM:605814
ENSG00000004939	OMIM:166900|OMIM:179800|OMIM:185020
ENSG00000004948	OMIM:166710
ENSG00000004961	OMIM:309801
ENSG00000005073	OMIM:605432
ENSG00000005102	OMIM:214300
ENSG00000005339	OMIM:180849
ENSG00000005381	OMIM:104300|OMIM:254600
ENSG00000005471	OMIM:600803|OMIM:602347
ENSG00000005893	OMIM:300257
ENSG00000005961	OMIM:187800|OMIM:273800
ENSG00000006016	OMIM:272430
ENSG00000006071	OMIM:125853|OMIM:240800|OMIM:256450|OMIM:606176
ENSG00000006611	OMIM:276900|OMIM:276904|OMIM:602092
ENSG00000006695	OMIM:220110|OMIM:256000
ENSG00000007062	OMIM:603786|OMIM:608051
ENSG00000007168	OMIM:607432
ENSG00000007314	OMIM:168300|OMIM:170500|OMIM:608390
ENSG00000007372	OMIM:106210|OMIM:120200|OMIM:120430|OMIM:136520|OMIM:148190|OMIM:165550|OMIM:604229
ENSG00000007933	OMIM:602079
ENSG00000008056	OMIM:300491
ENSG00000008196	OMIM:169100
ENSG00000008311	OMIM:238700
ENSG00000008441	OMIM:602535
ENSG00000008710	OMIM:173900
ENSG00000009709	OMIM:268220
ENSG00000009765	OMIM:274800
ENSG00000010361	OMIM:182940
ENSG00000010404	OMIM:309900
ENSG00000010671	OMIM:307200
ENSG00000010704	OMIM:104300|OMIM:176100|OMIM:176200|OMIM:235200
ENSG00000011143	OMIM:249000
ENSG00000011198	OMIM:275630
ENSG00000011201	OMIM:308700
ENSG00000011275	OMIM:212840
ENSG00000011600	OMIM:221770
ENSG00000012048	OMIM:114480|OMIM:604370
ENSG00000012174	OMIM:308205|OMIM:308800
ENSG00000012779	OMIM:600807
ENSG00000014919	OMIM:256000
ENSG00000015133	OMIM:236600
ENSG00000015285	OMIM:300299|OMIM:301000|OMIM:313900
ENSG00000015479	OMIM:606070
ENSG00000015532	OMIM:264800|OMIM:605822
ENSG00000017260	OMIM:169600
ENSG00000017427	OMIM:608747
ENSG00000018280	OMIM:607948
ENSG00000018510	OMIM:600121
ENSG00000018625	OMIM:104290|OMIM:602481
ENSG00000019186	OMIM:143880
ENSG00000019549	OMIM:172800|OMIM:608890
ENSG00000019991	OMIM:608265
ENSG00000020922	OMIM:604391
ENSG00000021488	OMIM:220100
ENSG00000021574	OMIM:182601
ENSG00000021826	OMIM:237300
ENSG00000023228	OMIM:252010
ENSG00000023287	OMIM:114480
ENSG00000023839	OMIM:237500
ENSG00000023909	OMIM:608446
ENSG00000025708	OMIM:603041
ENSG00000026025	OMIM:116300
ENSG00000026103	OMIM:601859
ENSG00000027075	OMIM:601367
ENSG00000027697	OMIM:209950|OMIM:600263|OMIM:607948
ENSG00000027847	OMIM:130070
ENSG00000029534	OMIM:182900
ENSG00000030304	OMIM:208150
ENSG00000030582	OMIM:607485
ENSG00000031081	OMIM:100300
ENSG00000031544	OMIM:268100
ENSG00000032444	OMIM:215470|OMIM:245800|OMIM:275400
ENSG00000033011	OMIM:608540
ENSG00000034971	OMIM:137750|OMIM:231300
ENSG00000036473	OMIM:311250
ENSG00000036828	OMIM:145980|OMIM:239200
ENSG00000037280	OMIM:153100|OMIM:602089
ENSG00000038002	OMIM:208400
ENSG00000038427	OMIM:143200
ENSG00000038945	OMIM:176807
ENSG00000039068	OMIM:114480|OMIM:137215|OMIM:176807
ENSG00000039139	OMIM:244400|OMIM:608644
ENSG00000040531	OMIM:219750|OMIM:219800|OMIM:219900
ENSG00000040608	OMIM:181500
ENSG00000042088	OMIM:607250
ENSG00000042317	OMIM:604232
ENSG00000042753	OMIM:600740
ENSG00000042781	OMIM:268000|OMIM:276901
ENSG00000042832	OMIM:608175
ENSG00000043591	OMIM:607276
ENSG00000044090	OMIM:273750
ENSG00000044115	OMIM:608970
ENSG00000046651	OMIM:300209|OMIM:300424|OMIM:311200
ENSG00000047457	OMIM:604290
ENSG00000048342	OMIM:213300|OMIM:216360
ENSG00000048545	OMIM:602093
ENSG00000049089	OMIM:600204|OMIM:603932
ENSG00000049130	OMIM:145250
ENSG00000049167	OMIM:216400
ENSG00000049239	OMIM:604931
ENSG00000049319	OMIM:264600
ENSG00000049540	OMIM:123700|OMIM:185500
ENSG00000049618	OMIM:135900
ENSG00000049768	OMIM:222100|OMIM:304790
ENSG00000049860	OMIM:268800
ENSG00000051180	OMIM:114480
ENSG00000053747	OMIM:226650|OMIM:226700|OMIM:245660
ENSG00000053918	OMIM:115000|OMIM:192500|OMIM:220400|OMIM:607554
ENSG00000054523	OMIM:118210|OMIM:171300|OMIM:256700
ENSG00000054598	OMIM:601631|OMIM:602482|OMIM:604229
ENSG00000054983	OMIM:245200
ENSG00000055118	OMIM:115000
ENSG00000055955	OMIM:143890
ENSG00000057593	OMIM:227500|OMIM:608446
ENSG00000058085	OMIM:226650|OMIM:226700
ENSG00000059377	OMIM:231095
ENSG00000059573	OMIM:219150|OMIM:601162
ENSG00000060069	OMIM:604168
ENSG00000060237	OMIM:201300
ENSG00000060642	OMIM:239300
ENSG00000060718	OMIM:154780|OMIM:228520|OMIM:603932|OMIM:604841
ENSG00000061337	OMIM:133239
ENSG00000062038	OMIM:225280|OMIM:601553
ENSG00000062598	OMIM:606893
ENSG00000064012	OMIM:114480|OMIM:114550|OMIM:211980|OMIM:607271
ENSG00000064195	OMIM:104510|OMIM:190320
ENSG00000064419	OMIM:608423
ENSG00000064490	OMIM:209920
ENSG00000064687	OMIM:608907
ENSG00000065135	OMIM:602483
ENSG00000065154	OMIM:258870
ENSG00000065361	OMIM:607598
ENSG00000065618	OMIM:122400|OMIM:226650
ENSG00000066084	OMIM:136630
ENSG00000066279	OMIM:608716
ENSG00000066427	OMIM:109150
ENSG00000066468	OMIM:101200|OMIM:101400|OMIM:101600|OMIM:123150|OMIM:123500|OMIM:123790|OMIM:149730|OMIM:207410
ENSG00000066629	OMIM:600348
ENSG00000066827	OMIM:608175
ENSG00000066926	OMIM:177000
ENSG00000067082	OMIM:176807
ENSG00000067182	OMIM:142680
ENSG00000067836	OMIM:226750
ENSG00000067842	OMIM:302500
ENSG00000068078	OMIM:100800|OMIM:109800|OMIM:114500|OMIM:146000|OMIM:149730|OMIM:162900|OMIM:182000|OMIM:187600|OMIM:187601|OMIM:273300|OMIM:602849|OMIM:603956
ENSG00000068305	OMIM:608320
ENSG00000068366	OMIM:300387
ENSG00000068438	OMIM:309549
ENSG00000068724	OMIM:243150
ENSG00000069011	OMIM:119800
ENSG00000069431	OMIM:239850|OMIM:608569
ENSG00000069696	OMIM:143465
ENSG00000069974	OMIM:607624
ENSG00000070061	OMIM:223900
ENSG00000070193	OMIM:149730|OMIM:180920
ENSG00000070748	OMIM:254210
ENSG00000070785	OMIM:603896
ENSG00000070814	OMIM:154500
ENSG00000070915	OMIM:263800
ENSG00000072121	OMIM:270700
ENSG00000072210	OMIM:270200
ENSG00000072506	OMIM:300220|OMIM:300438
ENSG00000072571	OMIM:114480
ENSG00000072694	OMIM:152700
ENSG00000072778	OMIM:201475
ENSG00000072786	OMIM:273300
ENSG00000072840	OMIM:193530|OMIM:225500
ENSG00000072864	OMIM:605013
ENSG00000073009	OMIM:300291|OMIM:308300
ENSG00000073282	OMIM:103285|OMIM:106260|OMIM:129400|OMIM:603543|OMIM:604292|OMIM:605289
ENSG00000073464	OMIM:300114
ENSG00000073578	OMIM:252011|OMIM:256000|OMIM:604287
ENSG00000073584	OMIM:607174
ENSG00000073734	OMIM:601847|OMIM:605479
ENSG00000073792	OMIM:125853
ENSG00000073861	OMIM:208550
ENSG00000073921	OMIM:601626
ENSG00000074181	OMIM:125310
ENSG00000074317	OMIM:127750
ENSG00000074319	OMIM:114480
ENSG00000074410	OMIM:143860
ENSG00000074582	OMIM:256000|OMIM:262000|OMIM:603358
ENSG00000074695	OMIM:227300
ENSG00000074803	OMIM:601678
ENSG00000075043	OMIM:121200
ENSG00000075239	OMIM:203750
ENSG00000075275	OMIM:182940
ENSG00000075624	OMIM:243310|OMIM:607371
ENSG00000075702	OMIM:604317
ENSG00000075785	OMIM:600882
ENSG00000075891	OMIM:120330
ENSG00000076003	OMIM:223100
ENSG00000076242	OMIM:114500|OMIM:120435|OMIM:158320|OMIM:276300
ENSG00000076248	OMIM:608106
ENSG00000076351	OMIM:229050
ENSG00000077238	OMIM:147050
ENSG00000077279	OMIM:300067
ENSG00000077498	OMIM:103470|OMIM:203100|OMIM:601800|OMIM:606952
ENSG00000077782	OMIM:101600|OMIM:123150|OMIM:147950|OMIM:166250|OMIM:190440
ENSG00000077943	OMIM:191830
ENSG00000078070	OMIM:210200
ENSG00000078403	OMIM:601626
ENSG00000079482	OMIM:300486
ENSG00000079616	OMIM:603546
ENSG00000079805	OMIM:160150|OMIM:606482
ENSG00000079841	OMIM:603649
ENSG00000080493	OMIM:604278
ENSG00000080503	OMIM:601358
ENSG00000080603	OMIM:136140
ENSG00000080815	OMIM:172700|OMIM:600274|OMIM:607822
ENSG00000080819	OMIM:121300
ENSG00000081014	OMIM:184450
ENSG00000081052	OMIM:141200|OMIM:203780
ENSG00000081087	OMIM:259720
ENSG00000081248	OMIM:170400|OMIM:188580|OMIM:601887
ENSG00000081277	OMIM:604536
ENSG00000081479	OMIM:222448
ENSG00000081923	OMIM:147480|OMIM:211600|OMIM:243300
ENSG00000083093	OMIM:114480
ENSG00000083123	OMIM:248600
ENSG00000083307	OMIM:608641
ENSG00000083444	OMIM:225400
ENSG00000083799	OMIM:132700|OMIM:601606|OMIM:605041
ENSG00000083937	OMIM:600795
ENSG00000084073	OMIM:275210|OMIM:608612
ENSG00000084110	OMIM:235800
ENSG00000084674	OMIM:143890|OMIM:144010
ENSG00000084754	OMIM:609015|OMIM:609016
ENSG00000085224	OMIM:300448|OMIM:301040|OMIM:309580
ENSG00000085840	OMIM:224690
ENSG00000085998	OMIM:253280|OMIM:268000
ENSG00000085999	OMIM:114480|OMIM:605027
ENSG00000086062	OMIM:607091
ENSG00000086848	OMIM:263210|OMIM:608776
ENSG00000087053	OMIM:601382
ENSG00000087086	OMIM:600886|OMIM:606159
ENSG00000087088	OMIM:114500
ENSG00000087116	OMIM:225410
ENSG00000087237	OMIM:143470
ENSG00000087245	OMIM:259600
ENSG00000087266	OMIM:118400
ENSG00000087274	OMIM:145500
ENSG00000087299	OMIM:236792
ENSG00000087460	OMIM:102200|OMIM:103580|OMIM:166350|OMIM:174800|OMIM:219080|OMIM:603233
ENSG00000087586	OMIM:114500
ENSG00000088035	OMIM:603147
ENSG00000088256	OMIM:145981
ENSG00000088305	OMIM:242860
ENSG00000088836	OMIM:217400|OMIM:217700
ENSG00000089127	OMIM:222100
ENSG00000089225	OMIM:142900
ENSG00000089280	OMIM:608030
ENSG00000089289	OMIM:300472
ENSG00000090054	OMIM:162400
ENSG00000090382	OMIM:105200
ENSG00000090402	OMIM:222900
ENSG00000090487	OMIM:248900
ENSG00000090534	OMIM:187950
ENSG00000090581	OMIM:252605
ENSG00000090659	OMIM:607948
ENSG00000090674	OMIM:252650
ENSG00000090776	OMIM:304110
ENSG00000090932	OMIM:277300
ENSG00000091010	OMIM:602459
ENSG00000091137	OMIM:274600|OMIM:600791
ENSG00000091138	OMIM:214700
ENSG00000091140	OMIM:246900
ENSG00000091262	OMIM:264800
ENSG00000091409	OMIM:226730
ENSG00000091482	OMIM:300066
ENSG00000091483	OMIM:150800|OMIM:606812
ENSG00000091513	OMIM:209300
ENSG00000091536	OMIM:600316
ENSG00000091592	OMIM:606579
ENSG00000091622	OMIM:600977
ENSG00000091831	OMIM:157300|OMIM:608446
ENSG00000092054	OMIM:160500|OMIM:181430|OMIM:192600|OMIM:255160|OMIM:608358
ENSG00000092067	OMIM:245480
ENSG00000092200	OMIM:608194
ENSG00000092295	OMIM:242300
ENSG00000092330	OMIM:268130
ENSG00000092439	OMIM:105500
ENSG00000092529	OMIM:253600
ENSG00000092607	OMIM:260660
ENSG00000092621	OMIM:256520|OMIM:601815
ENSG00000092758	OMIM:600969|OMIM:603932
ENSG00000092929	OMIM:608898
ENSG00000093010	OMIM:167870|OMIM:181500
ENSG00000093072	OMIM:182410
ENSG00000094914	OMIM:231550
ENSG00000095002	OMIM:114500|OMIM:120435|OMIM:158320|OMIM:276300
ENSG00000095777	OMIM:607101
ENSG00000095970	OMIM:221770
ENSG00000096060	OMIM:608516
ENSG00000096093	OMIM:254770|OMIM:607631
ENSG00000096696	OMIM:605676|OMIM:607450|OMIM:607655
ENSG00000096968	OMIM:133100|OMIM:254450|OMIM:263300|OMIM:601626
ENSG00000099377	OMIM:607765
ENSG00000099810	OMIM:112250
ENSG00000099956	OMIM:162091
ENSG00000100014	OMIM:145410|OMIM:600251
ENSG00000100033	OMIM:239500|OMIM:600850
ENSG00000100079	OMIM:608446
ENSG00000100150	OMIM:604364
ENSG00000100170	OMIM:606824
ENSG00000100225	OMIM:260300
ENSG00000100234	OMIM:136900
ENSG00000100243	OMIM:250800
ENSG00000100285	OMIM:105400
ENSG00000100288	OMIM:602541
ENSG00000100292	OMIM:606963
ENSG00000100299	OMIM:250100
ENSG00000100311	OMIM:607174|OMIM:607907
ENSG00000100345	OMIM:153640|OMIM:153650|OMIM:155100|OMIM:600208|OMIM:603622|OMIM:605249
ENSG00000100393	OMIM:114500
ENSG00000100416	OMIM:580000
ENSG00000100427	OMIM:604004
ENSG00000100473	OMIM:601369
ENSG00000100504	OMIM:232700
ENSG00000100526	OMIM:114550
ENSG00000100697	OMIM:138800|OMIM:180295|OMIM:601200
ENSG00000100714	OMIM:601634
ENSG00000100749	OMIM:607596
ENSG00000100815	OMIM:200600
ENSG00000100836	OMIM:164300
ENSG00000100902	OMIM:608446
ENSG00000100934	OMIM:607812
ENSG00000100983	OMIM:231900|OMIM:266130
ENSG00000100987	OMIM:148300
ENSG00000101017	OMIM:606843
ENSG00000101076	OMIM:125850|OMIM:125853
ENSG00000101115	OMIM:147750|OMIM:607323
ENSG00000101152	OMIM:162350
ENSG00000101200	OMIM:125700
ENSG00000101204	OMIM:188890|OMIM:600513
ENSG00000101247	OMIM:252010|OMIM:256000
ENSG00000101276	OMIM:211500|OMIM:211530
ENSG00000101282	OMIM:206800
ENSG00000101292	OMIM:244200
ENSG00000101306	OMIM:192600
ENSG00000101310	OMIM:224100
ENSG00000101311	OMIM:173650
ENSG00000101384	OMIM:118450|OMIM:187500
ENSG00000101421	OMIM:605387
ENSG00000101439	OMIM:105150
ENSG00000101596	OMIM:158901
ENSG00000101773	OMIM:251255|OMIM:606744
ENSG00000101825	OMIM:211980
ENSG00000101846	OMIM:308100
ENSG00000101850	OMIM:300500
ENSG00000101868	OMIM:301220
ENSG00000101871	OMIM:300000
ENSG00000101938	OMIM:309300
ENSG00000101981	OMIM:122700|OMIM:306900
ENSG00000101986	OMIM:300100
ENSG00000102001	OMIM:300071|OMIM:300476|OMIM:300600
ENSG00000102030	OMIM:309800
ENSG00000102076	OMIM:303700|OMIM:303900
ENSG00000102081	OMIM:311360
ENSG00000102103	OMIM:309500
ENSG00000102104	OMIM:312700
ENSG00000102119	OMIM:310300
ENSG00000102125	OMIM:302060
ENSG00000102145	OMIM:190685|OMIM:300367|OMIM:314050
ENSG00000102172	OMIM:309583
ENSG00000102174	OMIM:307800
ENSG00000102218	OMIM:312600
ENSG00000102245	OMIM:308230
ENSG00000102302	OMIM:305400
ENSG00000102312	OMIM:305600
ENSG00000102393	OMIM:301500
ENSG00000102468	OMIM:103780|OMIM:164230|OMIM:181500|OMIM:606788|OMIM:608516
ENSG00000102575	OMIM:607944
ENSG00000102683	OMIM:253700
ENSG00000102743	OMIM:238970
ENSG00000102805	OMIM:256731
ENSG00000102878	OMIM:116800
ENSG00000102893	OMIM:261750
ENSG00000102967	OMIM:263750
ENSG00000103005	OMIM:604173
ENSG00000103126	OMIM:114550|OMIM:607864
ENSG00000103150	OMIM:248360
ENSG00000103197	OMIM:606690
ENSG00000103227	OMIM:246650
ENSG00000103241	OMIM:265380
ENSG00000103249	OMIM:166600
ENSG00000103313	OMIM:134610|OMIM:249100
ENSG00000103335	OMIM:194380
ENSG00000103449	OMIM:107480
ENSG00000103489	OMIM:264800
ENSG00000103494	OMIM:213300|OMIM:216360
ENSG00000103522	OMIM:147050
ENSG00000103546	OMIM:604715
ENSG00000103591	OMIM:148600
ENSG00000103876	OMIM:276700
ENSG00000104044	OMIM:203200
ENSG00000104133	OMIM:602099|OMIM:604360
ENSG00000104213	OMIM:114500|OMIM:114550
ENSG00000104237	OMIM:180100
ENSG00000104267	OMIM:259730
ENSG00000104313	OMIM:113650|OMIM:166780|OMIM:602588
ENSG00000104320	OMIM:114480|OMIM:251260
ENSG00000104369	OMIM:607831
ENSG00000104381	OMIM:214400|OMIM:607706|OMIM:607831|OMIM:608340
ENSG00000104419	OMIM:601455
ENSG00000104447	OMIM:190350|OMIM:190351
ENSG00000104725	OMIM:607684|OMIM:607734
ENSG00000104728	OMIM:608236
ENSG00000104763	OMIM:159950|OMIM:228000
ENSG00000104826	OMIM:228300
ENSG00000104833	OMIM:128101
ENSG00000104884	OMIM:278730|OMIM:601675
ENSG00000104899	OMIM:261550
ENSG00000104918	OMIM:125853
ENSG00000104936	OMIM:160900
ENSG00000104973	OMIM:605589
ENSG00000105048	OMIM:605355
ENSG00000105146	OMIM:243060
ENSG00000105221	OMIM:125853|OMIM:240900
ENSG00000105227	OMIM:145900
ENSG00000105329	OMIM:131300|OMIM:219700
ENSG00000105357	OMIM:600652
ENSG00000105372	OMIM:105650
ENSG00000105379	OMIM:231680
ENSG00000105392	OMIM:120970|OMIM:268000
ENSG00000105409	OMIM:128235|OMIM:601338
ENSG00000105607	OMIM:231670
ENSG00000105618	OMIM:600138
ENSG00000105639	OMIM:600802
ENSG00000105641	OMIM:274400
ENSG00000105647	OMIM:603387
ENSG00000105664	OMIM:132400|OMIM:177170
ENSG00000105711	OMIM:604233
ENSG00000105722	OMIM:600775
ENSG00000105755	OMIM:602473
ENSG00000105880	OMIM:220600
ENSG00000105928	OMIM:600994
ENSG00000105929	OMIM:602722
ENSG00000105974	OMIM:606721
ENSG00000105976	OMIM:114550|OMIM:605074|OMIM:607278
ENSG00000105983	OMIM:135750|OMIM:174500|OMIM:186200|OMIM:188740|OMIM:200500
ENSG00000105991	OMIM:601536
ENSG00000105993	OMIM:603511
ENSG00000106031	OMIM:140000|OMIM:176305
ENSG00000106105	OMIM:600794|OMIM:601472
ENSG00000106211	OMIM:606595|OMIM:608634
ENSG00000106258	OMIM:145500
ENSG00000106327	OMIM:604250
ENSG00000106331	OMIM:125853
ENSG00000106341	OMIM:143890
ENSG00000106348	OMIM:180105
ENSG00000106462	OMIM:277590
ENSG00000106483	OMIM:265900
ENSG00000106571	OMIM:146510|OMIM:174200|OMIM:174700|OMIM:175700|OMIM:241800
ENSG00000106617	OMIM:194200|OMIM:261740|OMIM:600858
ENSG00000106633	OMIM:125851|OMIM:125853|OMIM:602485|OMIM:606176
ENSG00000106688	OMIM:222730
ENSG00000106692	OMIM:253800
ENSG00000106799	OMIM:132800
ENSG00000106819	OMIM:603932|OMIM:607850
ENSG00000106991	OMIM:187300
ENSG00000107099	OMIM:243700
ENSG00000107165	OMIM:203290
ENSG00000107187	OMIM:221750
ENSG00000107290	OMIM:602433|OMIM:606002
ENSG00000107485	OMIM:146255
ENSG00000107521	OMIM:203300
ENSG00000107537	OMIM:266500
ENSG00000107611	OMIM:261100
ENSG00000107736	OMIM:601067|OMIM:601386
ENSG00000107779	OMIM:174900
ENSG00000107789	OMIM:188470
ENSG00000107798	OMIM:278000
ENSG00000107815	OMIM:271245
ENSG00000107859	OMIM:107250
ENSG00000107882	OMIM:109400|OMIM:155255|OMIM:607174
ENSG00000107890	OMIM:188000
ENSG00000107968	OMIM:211980
ENSG00000108061	OMIM:607721
ENSG00000108231	OMIM:600512
ENSG00000108255	OMIM:600881
ENSG00000108370	OMIM:608415
ENSG00000108379	OMIM:273395
ENSG00000108381	OMIM:271900
ENSG00000108395	OMIM:253250
ENSG00000108474	OMIM:280000
ENSG00000108479	OMIM:230200
ENSG00000108556	OMIM:605809|OMIM:608931
ENSG00000108557	OMIM:182290
ENSG00000108576	OMIM:164230|OMIM:607834
ENSG00000108599	OMIM:115080
ENSG00000108691	OMIM:182940|OMIM:607948
ENSG00000108733	OMIM:266510
ENSG00000108753	OMIM:125853|OMIM:137920
ENSG00000108784	OMIM:252920
ENSG00000108821	OMIM:114000|OMIM:130000|OMIM:130060|OMIM:166200|OMIM:166210|OMIM:166220|OMIM:166710|OMIM:259420
ENSG00000108823	OMIM:608099
ENSG00000108946	OMIM:101800|OMIM:160980|OMIM:255960
ENSG00000108950	OMIM:204690
ENSG00000109063	OMIM:178110|OMIM:193700|OMIM:601680
ENSG00000109099	OMIM:118220|OMIM:118300|OMIM:139393|OMIM:145900|OMIM:162500|OMIM:180800
ENSG00000109101	OMIM:601705
ENSG00000109132	OMIM:209880
ENSG00000109163	OMIM:146110
ENSG00000109220	OMIM:601626
ENSG00000109424	OMIM:601665
ENSG00000109501	OMIM:116400|OMIM:125853|OMIM:222300|OMIM:600965
ENSG00000109775	OMIM:142669
ENSG00000109846	OMIM:608810
ENSG00000109861	OMIM:170650|OMIM:245000|OMIM:245010
ENSG00000109927	OMIM:601543|OMIM:603629
ENSG00000109929	OMIM:607330
ENSG00000110074	OMIM:252010|OMIM:256000
ENSG00000110090	OMIM:255120
ENSG00000110092	OMIM:114500|OMIM:193300|OMIM:254500
ENSG00000110243	OMIM:144650|OMIM:145750
ENSG00000110395	OMIM:607785
ENSG00000110400	OMIM:225060
ENSG00000110628	OMIM:114480|OMIM:211980|OMIM:268210
ENSG00000110711	OMIM:102200|OMIM:600634
ENSG00000110717	OMIM:256000
ENSG00000110719	OMIM:259700
ENSG00000110799	OMIM:193400|OMIM:277480
ENSG00000110911	OMIM:206100
ENSG00000110921	OMIM:175900|OMIM:260920
ENSG00000111012	OMIM:264700
ENSG00000111057	OMIM:215600
ENSG00000111199	OMIM:113500|OMIM:156530|OMIM:168400|OMIM:181405|OMIM:184095|OMIM:184252|OMIM:600175|OMIM:606071|OMIM:606835
ENSG00000111245	OMIM:608758
ENSG00000111252	OMIM:133100|OMIM:187950|OMIM:254450
ENSG00000111262	OMIM:160120
ENSG00000111319	OMIM:264350
ENSG00000111341	OMIM:245150
ENSG00000111361	OMIM:603896
ENSG00000111424	OMIM:277440
ENSG00000111537	OMIM:607948
ENSG00000111664	OMIM:145500
ENSG00000111670	OMIM:252500|OMIM:252600
ENSG00000111676	OMIM:125370
ENSG00000111678	OMIM:218340
ENSG00000111700	OMIM:237450
ENSG00000111713	OMIM:240600
ENSG00000111732	OMIM:605258
ENSG00000111846	OMIM:110800|OMIM:116700
ENSG00000112041	OMIM:600132
ENSG00000112053	OMIM:606766
ENSG00000112077	OMIM:185000|OMIM:268150
ENSG00000112210	OMIM:201000
ENSG00000112246	OMIM:601665
ENSG00000112319	OMIM:601316|OMIM:605362
ENSG00000112357	OMIM:215100
ENSG00000112367	OMIM:216340
ENSG00000112425	OMIM:254780
ENSG00000112562	OMIM:125400
ENSG00000112592	OMIM:168600|OMIM:607136
ENSG00000112619	OMIM:136880|OMIM:169150
ENSG00000112715	OMIM:603933
ENSG00000112761	OMIM:208230
ENSG00000112837	OMIM:143400
ENSG00000112964	OMIM:143890|OMIM:262500|OMIM:604271
ENSG00000113013	OMIM:182170
ENSG00000113249	OMIM:147050
ENSG00000113262	OMIM:257270
ENSG00000113273	OMIM:253200
ENSG00000113327	OMIM:607681
ENSG00000113368	OMIM:169500
ENSG00000113448	OMIM:606799
ENSG00000113594	OMIM:601559
ENSG00000113721	OMIM:601812
ENSG00000113851	OMIM:607417
ENSG00000113889	OMIM:228960
ENSG00000113924	OMIM:203500
ENSG00000113946	OMIM:248250
ENSG00000113966	OMIM:209900|OMIM:600151
ENSG00000113971	OMIM:208540|OMIM:267010|OMIM:604387
ENSG00000114026	OMIM:144700
ENSG00000114054	OMIM:606054
ENSG00000114062	OMIM:105830
ENSG00000114251	OMIM:180700
ENSG00000114270	OMIM:131705|OMIM:131750|OMIM:131850|OMIM:132000|OMIM:226600|OMIM:604129|OMIM:607523
ENSG00000114353	OMIM:192605
ENSG00000114354	OMIM:604484
ENSG00000114374	OMIM:415000
ENSG00000114378	OMIM:601492
ENSG00000114480	OMIM:232500|OMIM:263570
ENSG00000114491	OMIM:258900
ENSG00000114737	OMIM:607948
ENSG00000114859	OMIM:607628
ENSG00000114956	OMIM:251880
ENSG00000115020	OMIM:121850
ENSG00000115085	OMIM:269840
ENSG00000115138	OMIM:601665
ENSG00000115155	OMIM:601071
ENSG00000115159	OMIM:125853
ENSG00000115170	OMIM:135100
ENSG00000115204	OMIM:256810
ENSG00000115211	OMIM:603896
ENSG00000115267	OMIM:182250
ENSG00000115275	OMIM:606056
ENSG00000115286	OMIM:252010|OMIM:256000
ENSG00000115339	OMIM:211900
ENSG00000115355	OMIM:260565
ENSG00000115380	OMIM:126600
ENSG00000115414	OMIM:601894
ENSG00000115474	OMIM:193230
ENSG00000115486	OMIM:277450
ENSG00000115657	OMIM:111600
ENSG00000115665	OMIM:158580
ENSG00000115705	OMIM:274500
ENSG00000115718	OMIM:176860
ENSG00000115758	OMIM:114500
ENSG00000115827	OMIM:241080
ENSG00000115839	OMIM:600118
ENSG00000115850	OMIM:223000
ENSG00000115904	OMIM:135300
ENSG00000115919	OMIM:236800
ENSG00000116001	OMIM:604454
ENSG00000116014	OMIM:176400
ENSG00000116039	OMIM:267300
ENSG00000116062	OMIM:114500|OMIM:120435|OMIM:276300
ENSG00000116127	OMIM:203800
ENSG00000116132	OMIM:202650
ENSG00000116133	OMIM:602398
ENSG00000116218	OMIM:600995
ENSG00000116288	OMIM:606324
ENSG00000116688	OMIM:601152
ENSG00000116690	OMIM:208250
ENSG00000116704	OMIM:269250
ENSG00000116745	OMIM:204100
ENSG00000116761	OMIM:219500
ENSG00000116785	OMIM:235400
ENSG00000116906	OMIM:222765
ENSG00000116984	OMIM:250940|OMIM:601634
ENSG00000117013	OMIM:600101
ENSG00000117054	OMIM:201450
ENSG00000117118	OMIM:115310|OMIM:171300|OMIM:604287|OMIM:606764|OMIM:606864
ENSG00000117298	OMIM:145500
ENSG00000117305	OMIM:246450
ENSG00000117308	OMIM:230350
ENSG00000117360	OMIM:601414
ENSG00000117394	OMIM:601042|OMIM:606777|OMIM:608885
ENSG00000117400	OMIM:254450|OMIM:601977|OMIM:604498
ENSG00000117425	OMIM:109400|OMIM:155255|OMIM:605462
ENSG00000117479	OMIM:249270
ENSG00000117480	OMIM:606581
ENSG00000117560	OMIM:211980|OMIM:601859
ENSG00000117586	OMIM:608446
ENSG00000117595	OMIM:119300|OMIM:119500|OMIM:608864
ENSG00000117724	OMIM:243605
ENSG00000117983	OMIM:178500
ENSG00000118004	OMIM:265050
ENSG00000118046	OMIM:175200|OMIM:260350|OMIM:273300
ENSG00000118058	OMIM:605130
ENSG00000118137	OMIM:105200|OMIM:604091
ENSG00000118194	OMIM:115195|OMIM:601494
ENSG00000118197	OMIM:174300
ENSG00000118231	OMIM:115700
ENSG00000118246	OMIM:220110
ENSG00000118271	OMIM:105210|OMIM:115430|OMIM:145680
ENSG00000118402	OMIM:133190|OMIM:600110
ENSG00000118520	OMIM:207800
ENSG00000118777	OMIM:138900
ENSG00000118873	OMIM:212720
ENSG00000118972	OMIM:193100|OMIM:211900
ENSG00000119013	OMIM:252010
ENSG00000119121	OMIM:602014
ENSG00000119139	OMIM:607748
ENSG00000119392	OMIM:253310
ENSG00000119401	OMIM:254110
ENSG00000119509	OMIM:602088
ENSG00000119514	OMIM:608812
ENSG00000119523	OMIM:607906
ENSG00000119535	OMIM:162830
ENSG00000119655	OMIM:607625
ENSG00000119684	OMIM:114500
ENSG00000119686	OMIM:225790
ENSG00000119699	OMIM:107970
ENSG00000119715	OMIM:608565
ENSG00000119718	OMIM:603896
ENSG00000119899	OMIM:269920|OMIM:604369
ENSG00000119950	OMIM:176807
ENSG00000119977	OMIM:258860
ENSG00000120054	OMIM:212070
ENSG00000120149	OMIM:168500|OMIM:168550|OMIM:604757
ENSG00000120156	OMIM:600195
ENSG00000120370	OMIM:231070
ENSG00000120498	OMIM:309120
ENSG00000120539	OMIM:188000
ENSG00000120659	OMIM:259710
ENSG00000120708	OMIM:121900|OMIM:122200|OMIM:602082|OMIM:607541|OMIM:608470
ENSG00000120725	OMIM:248800
ENSG00000120729	OMIM:159000|OMIM:182920
ENSG00000120915	OMIM:143890
ENSG00000120925	OMIM:608984
ENSG00000120942	OMIM:121800
ENSG00000121053	OMIM:261500
ENSG00000121075	OMIM:147891
ENSG00000121270	OMIM:117800
ENSG00000121361	OMIM:272120
ENSG00000121454	OMIM:262700
ENSG00000121552	OMIM:607936
ENSG00000121634	OMIM:116200
ENSG00000121653	OMIM:125853
ENSG00000121742	OMIM:129500|OMIM:220290
ENSG00000121743	OMIM:601885
ENSG00000121879	OMIM:114480|OMIM:114500|OMIM:114550|OMIM:162900|OMIM:182000|OMIM:211980|OMIM:602501
ENSG00000121905	OMIM:224500
ENSG00000121957	OMIM:604213
ENSG00000121966	OMIM:193670
ENSG00000122025	OMIM:601626
ENSG00000122126	OMIM:309000
ENSG00000122145	OMIM:302905|OMIM:303400
ENSG00000122194	OMIM:217090
ENSG00000122223	OMIM:180300
ENSG00000122512	OMIM:120435|OMIM:276300
ENSG00000122643	OMIM:266120
ENSG00000122691	OMIM:101400|OMIM:123100|OMIM:180750
ENSG00000122735	OMIM:244400
ENSG00000122787	OMIM:235555
ENSG00000122852	OMIM:178500
ENSG00000122861	OMIM:104300|OMIM:601709
ENSG00000122863	OMIM:143095
ENSG00000122870	OMIM:601331
ENSG00000122877	OMIM:145900|OMIM:605253|OMIM:607678
ENSG00000122971	OMIM:201470
ENSG00000123066	OMIM:608808
ENSG00000123191	OMIM:277900
ENSG00000123240	OMIM:137760|OMIM:606657
ENSG00000123453	OMIM:268900
ENSG00000123500	OMIM:156500
ENSG00000123545	OMIM:252010
ENSG00000123560	OMIM:312080|OMIM:312920
ENSG00000123561	OMIM:314200
ENSG00000123607	OMIM:209900
ENSG00000123700	OMIM:170390
ENSG00000124089	OMIM:607948
ENSG00000124164	OMIM:182980|OMIM:608627
ENSG00000124198	OMIM:608097
ENSG00000124205	OMIM:209880
ENSG00000124212	OMIM:145500
ENSG00000124222	OMIM:603233
ENSG00000124275	OMIM:236270|OMIM:601634
ENSG00000124313	OMIM:309530
ENSG00000124370	OMIM:251120
ENSG00000124479	OMIM:305390|OMIM:310600
ENSG00000124491	OMIM:188050|OMIM:608446
ENSG00000124615	OMIM:252150
ENSG00000124713	OMIM:606664
ENSG00000124788	OMIM:164400
ENSG00000124813	OMIM:119600|OMIM:156510
ENSG00000124827	OMIM:146200
ENSG00000125084	OMIM:166710
ENSG00000125347	OMIM:211980
ENSG00000125356	OMIM:252010
ENSG00000125363	OMIM:301200
ENSG00000125378	OMIM:600625|OMIM:607932
ENSG00000125384	OMIM:208550
ENSG00000125398	OMIM:114290
ENSG00000125414	OMIM:605637
ENSG00000125454	OMIM:607196
ENSG00000125538	OMIM:137215
ENSG00000125618	OMIM:218700
ENSG00000125741	OMIM:165300|OMIM:258501
ENSG00000125744	OMIM:604805
ENSG00000125779	OMIM:234200|OMIM:607236
ENSG00000125835	OMIM:117650
ENSG00000125845	OMIM:112600|OMIM:235200
ENSG00000125850	OMIM:122000
ENSG00000125863	OMIM:236700
ENSG00000125952	OMIM:171300
ENSG00000125965	OMIM:112600|OMIM:113100|OMIM:200700|OMIM:201250|OMIM:228900
ENSG00000126088	OMIM:176100
ENSG00000126215	OMIM:114480
ENSG00000126218	OMIM:227600
ENSG00000126233	OMIM:248300
ENSG00000126267	OMIM:220110
ENSG00000126522	OMIM:207900
ENSG00000126524	OMIM:260400
ENSG00000126583	OMIM:605361
ENSG00000126749	OMIM:211180
ENSG00000126759	OMIM:312060
ENSG00000126778	OMIM:605192|OMIM:608389
ENSG00000126883	OMIM:601626
ENSG00000126895	OMIM:304800
ENSG00000126934	OMIM:115150
ENSG00000126953	OMIM:304700
ENSG00000126970	OMIM:314580
ENSG00000127241	OMIM:257920
ENSG00000127415	OMIM:607014|OMIM:607015
ENSG00000127472	OMIM:228980
ENSG00000127507	OMIM:125630
ENSG00000127838	OMIM:118800
ENSG00000127870	OMIM:133239
ENSG00000127947	OMIM:114500
ENSG00000127948	OMIM:201750
ENSG00000127980	OMIM:214100|OMIM:234580|OMIM:601539
ENSG00000127990	OMIM:159900
ENSG00000128052	OMIM:602089
ENSG00000128159	OMIM:251270
ENSG00000128274	OMIM:111400
ENSG00000128340	OMIM:608203
ENSG00000128422	OMIM:167210|OMIM:184500
ENSG00000128519	OMIM:103780
ENSG00000128573	OMIM:602081
ENSG00000128602	OMIM:601707|OMIM:605462
ENSG00000128617	OMIM:190900
ENSG00000128656	OMIM:604356
ENSG00000128683	OMIM:603513
ENSG00000128710	OMIM:192950
ENSG00000128714	OMIM:113200|OMIM:113300|OMIM:186000|OMIM:186300
ENSG00000128739	OMIM:176270
ENSG00000128829	OMIM:234810
ENSG00000128881	OMIM:604432
ENSG00000128928	OMIM:243500
ENSG00000128973	OMIM:204300|OMIM:601780
ENSG00000129038	OMIM:177650
ENSG00000129116	OMIM:606856
ENSG00000129170	OMIM:607482
ENSG00000129221	OMIM:604393
ENSG00000129422	OMIM:114550
ENSG00000129667	OMIM:148500
ENSG00000129675	OMIM:300436
ENSG00000129757	OMIM:130650
ENSG00000129991	OMIM:115210
ENSG00000130164	OMIM:143890
ENSG00000130175	OMIM:174050
ENSG00000130203	OMIM:104310|OMIM:143890|OMIM:269600
ENSG00000130283	OMIM:187500|OMIM:217095
ENSG00000130385	OMIM:300510
ENSG00000130402	OMIM:603278
ENSG00000130449	OMIM:603671
ENSG00000130489	OMIM:256000|OMIM:604377|OMIM:608908
ENSG00000130508	OMIM:269400
ENSG00000130529	OMIM:604559
ENSG00000130595	OMIM:601680
ENSG00000130598	OMIM:601680
ENSG00000130600	OMIM:130650|OMIM:180860
ENSG00000130635	OMIM:130000
ENSG00000130638	OMIM:603516
ENSG00000130675	OMIM:176450
ENSG00000130707	OMIM:215700
ENSG00000130714	OMIM:236670
ENSG00000130816	OMIM:604121
ENSG00000130821	OMIM:300352
ENSG00000130826	OMIM:305000
ENSG00000130948	OMIM:264300
ENSG00000130985	OMIM:301830
ENSG00000131095	OMIM:203450
ENSG00000131187	OMIM:234000
ENSG00000131238	OMIM:256730
ENSG00000131269	OMIM:301310
ENSG00000131398	OMIM:605259
ENSG00000131435	OMIM:166710
ENSG00000131495	OMIM:256000
ENSG00000131504	OMIM:124900
ENSG00000131697	OMIM:606966|OMIM:606996
ENSG00000131808	OMIM:229070
ENSG00000131844	OMIM:210210
ENSG00000131873	OMIM:605282
ENSG00000131910	OMIM:601665
ENSG00000131931	OMIM:602629
ENSG00000131979	OMIM:128230|OMIM:233910
ENSG00000132024	OMIM:608443
ENSG00000132031	OMIM:140600|OMIM:607078|OMIM:608728
ENSG00000132170	OMIM:125853|OMIM:601665|OMIM:604367
ENSG00000132326	OMIM:604348
ENSG00000132437	OMIM:608643
ENSG00000132464	OMIM:104500|OMIM:204650
ENSG00000132470	OMIM:131800|OMIM:226650|OMIM:226730
ENSG00000132518	OMIM:204000|OMIM:601777
ENSG00000132549	OMIM:216550
ENSG00000132740	OMIM:604320
ENSG00000132763	OMIM:153870|OMIM:277400
ENSG00000132781	OMIM:114500|OMIM:132600|OMIM:608456
ENSG00000132837	OMIM:605850
ENSG00000132842	OMIM:608233
ENSG00000132855	OMIM:605019
ENSG00000132963	OMIM:601952
ENSG00000132965	OMIM:601367
ENSG00000133019	OMIM:100100
ENSG00000133020	OMIM:158300|OMIM:608837
ENSG00000133028	OMIM:220110
ENSG00000133048	OMIM:181500
ENSG00000133104	OMIM:275900
ENSG00000133105	OMIM:219050
ENSG00000133111	OMIM:209920
ENSG00000133116	OMIM:211900
ENSG00000133216	OMIM:176807|OMIM:603688
ENSG00000133256	OMIM:163500|OMIM:268000
ENSG00000133392	OMIM:132900
ENSG00000133424	OMIM:608840
ENSG00000133703	OMIM:109800|OMIM:114480|OMIM:137215|OMIM:163200|OMIM:211980|OMIM:260350|OMIM:601626
ENSG00000133710	OMIM:147050|OMIM:256500
ENSG00000133812	OMIM:604563
ENSG00000133835	OMIM:233400|OMIM:261515
ENSG00000133895	OMIM:131100|OMIM:145000
ENSG00000133937	OMIM:602471
ENSG00000134086	OMIM:144700|OMIM:171300|OMIM:193300|OMIM:263400
ENSG00000134200	OMIM:275100
ENSG00000134240	OMIM:605911
ENSG00000134242	OMIM:152700|OMIM:180300|OMIM:193200|OMIM:222100
ENSG00000134250	OMIM:102500
ENSG00000134259	OMIM:608654
ENSG00000134323	OMIM:164280
ENSG00000134324	OMIM:268200
ENSG00000134371	OMIM:145000|OMIM:145001|OMIM:608266
ENSG00000134376	OMIM:172870|OMIM:600105
ENSG00000134460	OMIM:601942|OMIM:606367
ENSG00000134504	OMIM:181270
ENSG00000134538	OMIM:237450
ENSG00000134569	OMIM:212780
ENSG00000134571	OMIM:115197|OMIM:192600
ENSG00000134574	OMIM:278740
ENSG00000134595	OMIM:300123|OMIM:312000
ENSG00000134640	OMIM:125853
ENSG00000134684	OMIM:608323
ENSG00000134760	OMIM:148700
ENSG00000134769	OMIM:604169
ENSG00000134812	OMIM:261000
ENSG00000134853	OMIM:606764|OMIM:607685
ENSG00000134899	OMIM:278780
ENSG00000134982	OMIM:114500|OMIM:114550|OMIM:135290|OMIM:155255|OMIM:175100
ENSG00000135100	OMIM:125853|OMIM:142330|OMIM:144700|OMIM:222100|OMIM:600496
ENSG00000135111	OMIM:181450
ENSG00000135218	OMIM:608404
ENSG00000135241	OMIM:251950
ENSG00000135318	OMIM:211800
ENSG00000135338	OMIM:604537
ENSG00000135341	OMIM:157800
ENSG00000135406	OMIM:105400
ENSG00000135409	OMIM:261550
ENSG00000135437	OMIM:136880
ENSG00000135443	OMIM:602032
ENSG00000135541	OMIM:213300|OMIM:608629
ENSG00000135604	OMIM:603552
ENSG00000135636	OMIM:253601|OMIM:254130|OMIM:606768
ENSG00000135677	OMIM:252940
ENSG00000135697	OMIM:115300
ENSG00000135744	OMIM:145500|OMIM:267430
ENSG00000135828	OMIM:601518
ENSG00000135899	OMIM:235550|OMIM:607948
ENSG00000135902	OMIM:253290
ENSG00000135903	OMIM:122880|OMIM:148820|OMIM:193500|OMIM:268220
ENSG00000135925	OMIM:150400|OMIM:224750|OMIM:257980
ENSG00000135929	OMIM:213700
ENSG00000135956	OMIM:171300
ENSG00000135960	OMIM:129490|OMIM:224900
ENSG00000136003	OMIM:255125
ENSG00000136068	OMIM:108720|OMIM:108721|OMIM:112310|OMIM:150250|OMIM:272460
ENSG00000136144	OMIM:103780
ENSG00000136147	OMIM:147050|OMIM:600807
ENSG00000136156	OMIM:117300|OMIM:176500
ENSG00000136160	OMIM:277580|OMIM:600155|OMIM:600501
ENSG00000136244	OMIM:108010|OMIM:125853|OMIM:148000|OMIM:266600|OMIM:604302
ENSG00000136352	OMIM:118700|OMIM:188550
ENSG00000136463	OMIM:220110
ENSG00000136492	OMIM:114480
ENSG00000136531	OMIM:607745
ENSG00000136574	OMIM:187500|OMIM:607941
ENSG00000136634	OMIM:180300
ENSG00000136689	OMIM:137215
ENSG00000136698	OMIM:605376
ENSG00000136717	OMIM:255200
ENSG00000136827	OMIM:128100
ENSG00000136861	OMIM:604804
ENSG00000136872	OMIM:229600
ENSG00000136881	OMIM:607748
ENSG00000136928	OMIM:188890
ENSG00000136936	OMIM:278700
ENSG00000136944	OMIM:161200
ENSG00000136997	OMIM:113970
ENSG00000137074	OMIM:208920
ENSG00000137106	OMIM:260000
ENSG00000137203	OMIM:113620
ENSG00000137261	OMIM:600202
ENSG00000137309	OMIM:125853
ENSG00000137462	OMIM:114500|OMIM:246300|OMIM:607948
ENSG00000137474	OMIM:276900|OMIM:600060|OMIM:601317
ENSG00000137513	OMIM:256000
ENSG00000137561	OMIM:277460
ENSG00000137601	OMIM:263520
ENSG00000137693	OMIM:120433
ENSG00000137700	OMIM:232220|OMIM:232240
ENSG00000137713	OMIM:211980
ENSG00000137731	OMIM:154020
ENSG00000137745	OMIM:250400|OMIM:602111
ENSG00000137806	OMIM:252010
ENSG00000137812	OMIM:604321
ENSG00000137868	OMIM:601186
ENSG00000137869	OMIM:139300
ENSG00000137992	OMIM:248600
ENSG00000138029	OMIM:609015
ENSG00000138030	OMIM:229800
ENSG00000138039	OMIM:176410|OMIM:238320
ENSG00000138061	OMIM:137750|OMIM:137760|OMIM:231300|OMIM:604229
ENSG00000138075	OMIM:210250
ENSG00000138079	OMIM:220100
ENSG00000138083	OMIM:157170|OMIM:269160
ENSG00000138095	OMIM:220111
ENSG00000138109	OMIM:122700
ENSG00000138160	OMIM:152950
ENSG00000138363	OMIM:608688
ENSG00000138375	OMIM:242900
ENSG00000138376	OMIM:114480
ENSG00000138413	OMIM:137800
ENSG00000138435	OMIM:253290|OMIM:601462|OMIM:608930
ENSG00000138449	OMIM:606069
ENSG00000138615	OMIM:603932
ENSG00000138622	OMIM:163800
ENSG00000138675	OMIM:190330
ENSG00000138696	OMIM:112600
ENSG00000138759	OMIM:219000
ENSG00000138760	OMIM:254900
ENSG00000138796	OMIM:231530
ENSG00000138823	OMIM:200100|OMIM:605552
ENSG00000138829	OMIM:121050
ENSG00000139083	OMIM:601626
ENSG00000139116	OMIM:135700
ENSG00000139180	OMIM:256000
ENSG00000139190	OMIM:108600
ENSG00000139197	OMIM:202370|OMIM:214110
ENSG00000139219	OMIM:108300|OMIM:132450|OMIM:150600|OMIM:151210|OMIM:156550|OMIM:183900|OMIM:184250|OMIM:200610|OMIM:215150|OMIM:271700|OMIM:604864|OMIM:608805
ENSG00000139287	OMIM:608516
ENSG00000139330	OMIM:217300
ENSG00000139351	OMIM:270960
ENSG00000139352	OMIM:209880
ENSG00000139428	OMIM:251110
ENSG00000139515	OMIM:125853|OMIM:260370|OMIM:606392
ENSG00000139531	OMIM:272300
ENSG00000139549	OMIM:233420|OMIM:607080
ENSG00000139567	OMIM:600376
ENSG00000139618	OMIM:114480|OMIM:155255|OMIM:176807|OMIM:194070|OMIM:262400|OMIM:604370|OMIM:605724
ENSG00000139679	OMIM:278150
ENSG00000139687	OMIM:109800|OMIM:180200|OMIM:182280|OMIM:259500
ENSG00000140090	OMIM:210750
ENSG00000140092	OMIM:219100|OMIM:608895
ENSG00000140199	OMIM:218000
ENSG00000140279	OMIM:607200
ENSG00000140287	OMIM:137580
ENSG00000140326	OMIM:224120
ENSG00000140368	OMIM:604416
ENSG00000140374	OMIM:231680
ENSG00000140416	OMIM:115196
ENSG00000140443	OMIM:270450
ENSG00000140521	OMIM:157640|OMIM:203700|OMIM:256000|OMIM:258450|OMIM:607459
ENSG00000140522	OMIM:136880|OMIM:607475|OMIM:607476
ENSG00000140650	OMIM:212065
ENSG00000140675	OMIM:233100
ENSG00000140836	OMIM:176807
ENSG00000140905	OMIM:605899
ENSG00000141012	OMIM:253000
ENSG00000141448	OMIM:187500|OMIM:217095
ENSG00000141458	OMIM:257220
ENSG00000141510	OMIM:114480|OMIM:114500|OMIM:114550|OMIM:137800|OMIM:151623|OMIM:202300|OMIM:259500|OMIM:260350|OMIM:260500|OMIM:607107
ENSG00000141524	OMIM:226400
ENSG00000141527	OMIM:173200|OMIM:602723
ENSG00000141543	OMIM:268305
ENSG00000141627	OMIM:223800|OMIM:607326
ENSG00000141646	OMIM:139210|OMIM:174900|OMIM:260350
ENSG00000141655	OMIM:174810|OMIM:602080
ENSG00000141736	OMIM:137800|OMIM:211980
ENSG00000141756	OMIM:259450
ENSG00000141759	OMIM:608572
ENSG00000141837	OMIM:108500|OMIM:141500|OMIM:183086
ENSG00000142156	OMIM:158810|OMIM:254090
ENSG00000142168	OMIM:105400
ENSG00000142173	OMIM:158810|OMIM:254090|OMIM:255600
ENSG00000142192	OMIM:104300|OMIM:605714
ENSG00000142208	OMIM:114480|OMIM:114500|OMIM:176920
ENSG00000142303	OMIM:277600
ENSG00000142319	OMIM:188890
ENSG00000142330	OMIM:601283
ENSG00000142627	OMIM:116600
ENSG00000142798	OMIM:224410|OMIM:255800
ENSG00000142867	OMIM:137245|OMIM:156240|OMIM:273300|OMIM:605027
ENSG00000143061	OMIM:149700
ENSG00000143140	OMIM:108770
ENSG00000143178	OMIM:201400
ENSG00000143183	OMIM:213980
ENSG00000143199	OMIM:143870
ENSG00000143224	OMIM:176200
ENSG00000143226	OMIM:152700|OMIM:219700
ENSG00000143252	OMIM:605373|OMIM:606764|OMIM:606864
ENSG00000143294	OMIM:605074
ENSG00000143368	OMIM:154400
ENSG00000143369	OMIM:247100
ENSG00000143382	OMIM:225100|OMIM:225200
ENSG00000143387	OMIM:265800
ENSG00000143390	OMIM:209920
ENSG00000143473	OMIM:135500
ENSG00000143549	OMIM:255310
ENSG00000143627	OMIM:102900|OMIM:266200
ENSG00000143631	OMIM:146700
ENSG00000143632	OMIM:161800|OMIM:255310
ENSG00000143669	OMIM:214500
ENSG00000143801	OMIM:606889
ENSG00000143815	OMIM:169400|OMIM:215140
ENSG00000143819	OMIM:189800|OMIM:607748
ENSG00000143839	OMIM:267430
ENSG00000143921	OMIM:210250
ENSG00000143951	OMIM:217085
ENSG00000144061	OMIM:256100|OMIM:266900
ENSG00000144191	OMIM:216900
ENSG00000144285	OMIM:607208
ENSG00000144381	OMIM:605280
ENSG00000144452	OMIM:242500|OMIM:601277
ENSG00000144455	OMIM:272200
ENSG00000144535	OMIM:267000
ENSG00000144659	OMIM:205950
ENSG00000144891	OMIM:145500|OMIM:267430
ENSG00000144962	OMIM:102530
ENSG00000145012	OMIM:601626
ENSG00000145020	OMIM:605899
ENSG00000145191	OMIM:603896
ENSG00000145335	OMIM:127750|OMIM:168601
ENSG00000145354	OMIM:604928
ENSG00000145362	OMIM:600919
ENSG00000145476	OMIM:210370
ENSG00000145494	OMIM:252010
ENSG00000145623	OMIM:105250
ENSG00000145675	OMIM:269880
ENSG00000145715	OMIM:605462|OMIM:608354|OMIM:608355
ENSG00000145819	OMIM:607785
ENSG00000145888	OMIM:149400
ENSG00000145936	OMIM:608622
ENSG00000145979	OMIM:248000
ENSG00000145996	OMIM:125853
ENSG00000146070	OMIM:147050|OMIM:600807
ENSG00000146085	OMIM:251000
ENSG00000146648	OMIM:211980
ENSG00000146938	OMIM:300495|OMIM:300497
ENSG00000147044	OMIM:300422
ENSG00000147133	OMIM:314250
ENSG00000147155	OMIM:302960
ENSG00000147168	OMIM:300400|OMIM:312863
ENSG00000147202	OMIM:300511
ENSG00000147224	OMIM:301835|OMIM:304500|OMIM:311070
ENSG00000147257	OMIM:194070|OMIM:312870
ENSG00000147274	OMIM:300238
ENSG00000147316	OMIM:251200
ENSG00000147380	OMIM:303700|OMIM:303800
ENSG00000147383	OMIM:308050
ENSG00000147416	OMIM:124480
ENSG00000147465	OMIM:201710
ENSG00000147548	OMIM:601626
ENSG00000147684	OMIM:252010
ENSG00000147804	OMIM:201100
ENSG00000147852	OMIM:224050
ENSG00000147889	OMIM:155600|OMIM:155601|OMIM:155755|OMIM:606719
ENSG00000147894	OMIM:105550
ENSG00000147955	OMIM:605726
ENSG00000148090	OMIM:250950
ENSG00000148180	OMIM:105120
ENSG00000148384	OMIM:213300
ENSG00000148400	OMIM:109730
ENSG00000148606	OMIM:607694
ENSG00000148672	OMIM:606762
ENSG00000148677	OMIM:106700
ENSG00000148702	OMIM:188050
ENSG00000148737	OMIM:125853
ENSG00000148795	OMIM:202110
ENSG00000149131	OMIM:106100|OMIM:120790
ENSG00000149177	OMIM:114500
ENSG00000149260	OMIM:193235
ENSG00000149311	OMIM:114480|OMIM:208900
ENSG00000149418	OMIM:602400
ENSG00000149534	OMIM:147050
ENSG00000149541	OMIM:245600
ENSG00000149922	OMIM:122600
ENSG00000150275	OMIM:601067|OMIM:602083
ENSG00000150455	OMIM:607948
ENSG00000150540	OMIM:600807
ENSG00000150753	OMIM:256840
ENSG00000150893	OMIM:219000
ENSG00000150907	OMIM:268220
ENSG00000150995	OMIM:117360|OMIM:206700|OMIM:606658
ENSG00000151067	OMIM:601005
ENSG00000151090	OMIM:145650|OMIM:188570|OMIM:274300
ENSG00000151148	OMIM:244450
ENSG00000151224	OMIM:250850
ENSG00000151348	OMIM:133701
ENSG00000151413	OMIM:252010
ENSG00000151552	OMIM:261630
ENSG00000151577	OMIM:181500|OMIM:190300
ENSG00000151611	OMIM:251100
ENSG00000151617	OMIM:157300
ENSG00000151623	OMIM:177735|OMIM:605115
ENSG00000151704	OMIM:241200
ENSG00000151834	OMIM:103780
ENSG00000151835	OMIM:270550
ENSG00000151849	OMIM:608393
ENSG00000152137	OMIM:158590|OMIM:608673
ENSG00000152217	OMIM:269150|OMIM:601626|OMIM:607785|OMIM:608232
ENSG00000152223	OMIM:242840
ENSG00000152266	OMIM:146200
ENSG00000152457	OMIM:602450|OMIM:603554
ENSG00000152492	OMIM:607453
ENSG00000152591	OMIM:125420|OMIM:125490|OMIM:125500|OMIM:605594
ENSG00000152592	OMIM:241520
ENSG00000152642	OMIM:272120
ENSG00000152661	OMIM:104100|OMIM:133200|OMIM:164200|OMIM:186100|OMIM:218400|OMIM:234100|OMIM:241550|OMIM:257850|OMIM:600309
ENSG00000153201	OMIM:608033
ENSG00000153283	OMIM:211750
ENSG00000153563	OMIM:608957
ENSG00000153574	OMIM:608611
ENSG00000154118	OMIM:606438
ENSG00000154122	OMIM:118600|OMIM:123000
ENSG00000154134	OMIM:607313
ENSG00000154415	OMIM:125853
ENSG00000154646	OMIM:226200
ENSG00000154764	OMIM:228930|OMIM:276820
ENSG00000154767	OMIM:278720
ENSG00000154803	OMIM:114500|OMIM:135150|OMIM:144700|OMIM:173600
ENSG00000154856	OMIM:605389
ENSG00000154864	OMIM:108145|OMIM:114300|OMIM:248700
ENSG00000155380	OMIM:245340
ENSG00000155465	OMIM:222700
ENSG00000155657	OMIM:600334|OMIM:603689|OMIM:604145|OMIM:608807
ENSG00000155719	OMIM:607039
ENSG00000155846	OMIM:601665
ENSG00000155850	OMIM:222600|OMIM:226900|OMIM:256050|OMIM:600972
ENSG00000155961	OMIM:300271|OMIM:311510
ENSG00000155966	OMIM:309548
ENSG00000155974	OMIM:219000
ENSG00000155980	OMIM:604187
ENSG00000156006	OMIM:243400
ENSG00000156052	OMIM:163000|OMIM:185300
ENSG00000156150	OMIM:136760
ENSG00000156170	OMIM:252010|OMIM:256000
ENSG00000156298	OMIM:300210
ENSG00000156313	OMIM:300029|OMIM:304020
ENSG00000156466	OMIM:118100
ENSG00000156471	OMIM:151050
ENSG00000156475	OMIM:604326
ENSG00000156515	OMIM:235700|OMIM:605285
ENSG00000156531	OMIM:301900
ENSG00000156574	OMIM:270100
ENSG00000156709	OMIM:310490
ENSG00000156925	OMIM:306955|OMIM:314390
ENSG00000156970	OMIM:114500|OMIM:176430|OMIM:257300
ENSG00000157017	OMIM:601665
ENSG00000157087	OMIM:601386
ENSG00000157152	OMIM:181500
ENSG00000157184	OMIM:255110|OMIM:600649|OMIM:608836
ENSG00000157193	OMIM:608446
ENSG00000157227	OMIM:277950
ENSG00000157399	OMIM:302950
ENSG00000157404	OMIM:172800|OMIM:273300|OMIM:601626|OMIM:606764
ENSG00000157764	OMIM:114500|OMIM:115150|OMIM:163950|OMIM:211980|OMIM:605027
ENSG00000157765	OMIM:265100
ENSG00000157766	OMIM:165800|OMIM:608361
ENSG00000157933	OMIM:182212
ENSG00000157978	OMIM:603813
ENSG00000158014	OMIM:608118
ENSG00000158055	OMIM:606713
ENSG00000158104	OMIM:140350|OMIM:276710
ENSG00000158125	OMIM:278300
ENSG00000158158	OMIM:217080
ENSG00000158290	OMIM:300354
ENSG00000158352	OMIM:300434
ENSG00000158773	OMIM:602491
ENSG00000158813	OMIM:305100|OMIM:313500
ENSG00000158864	OMIM:252010
ENSG00000158874	OMIM:143890
ENSG00000158887	OMIM:118200|OMIM:145900|OMIM:180800|OMIM:605253|OMIM:607677|OMIM:607736|OMIM:607791
ENSG00000159063	OMIM:608104
ENSG00000159184	OMIM:176807
ENSG00000159216	OMIM:601399|OMIM:601626
ENSG00000159267	OMIM:253270
ENSG00000159403	OMIM:130080
ENSG00000159423	OMIM:239510
ENSG00000159459	OMIM:243800
ENSG00000159640	OMIM:267430
ENSG00000159650	OMIM:276880
ENSG00000159723	OMIM:601665
ENSG00000159899	OMIM:602875
ENSG00000159921	OMIM:269921|OMIM:605820
ENSG00000160050	OMIM:209900
ENSG00000160131	OMIM:310440
ENSG00000160145	OMIM:608901
ENSG00000160183	OMIM:601072
ENSG00000160200	OMIM:236200
ENSG00000160202	OMIM:604219
ENSG00000160211	OMIM:134700
ENSG00000160213	OMIM:254800
ENSG00000160224	OMIM:240300
ENSG00000160255	OMIM:116920
ENSG00000160282	OMIM:229100
ENSG00000160299	OMIM:210720
ENSG00000160688	OMIM:255100
ENSG00000160710	OMIM:127400
ENSG00000160716	OMIM:605375
ENSG00000160789	OMIM:115200|OMIM:151660|OMIM:159001|OMIM:176670|OMIM:181350|OMIM:212112|OMIM:248370|OMIM:275210|OMIM:605588
ENSG00000160796	OMIM:139090
ENSG00000160801	OMIM:125350|OMIM:156400|OMIM:215045|OMIM:600002
ENSG00000160808	OMIM:608751
ENSG00000160867	OMIM:176807
ENSG00000160882	OMIM:103900
ENSG00000160957	OMIM:218600|OMIM:266280|OMIM:268400
ENSG00000161217	OMIM:608940
ENSG00000161270	OMIM:256300
ENSG00000161533	OMIM:264470
ENSG00000161610	OMIM:161400
ENSG00000161653	OMIM:237310
ENSG00000161798	OMIM:600231
ENSG00000161904	OMIM:212500
ENSG00000162065	OMIM:220500|OMIM:605021
ENSG00000162337	OMIM:133780|OMIM:144750|OMIM:166710|OMIM:259770|OMIM:601813|OMIM:601884|OMIM:607634|OMIM:607636
ENSG00000162399	OMIM:602522
ENSG00000162430	OMIM:255310|OMIM:602771
ENSG00000162438	OMIM:167800
ENSG00000162512	OMIM:601665
ENSG00000162551	OMIM:146300|OMIM:241500|OMIM:241510
ENSG00000162552	OMIM:158330
ENSG00000162594	OMIM:605606
ENSG00000162676	OMIM:607847
ENSG00000162711	OMIM:120100|OMIM:191900|OMIM:607115
ENSG00000162733	OMIM:271665
ENSG00000162736	OMIM:142690
ENSG00000162738	OMIM:182940
ENSG00000162946	OMIM:181500|OMIM:604906
ENSG00000162992	OMIM:125853|OMIM:606394
ENSG00000162998	OMIM:165720
ENSG00000163017	OMIM:155310
ENSG00000163069	OMIM:604286
ENSG00000163104	OMIM:136000
ENSG00000163132	OMIM:106600|OMIM:189500|OMIM:608874
ENSG00000163254	OMIM:604307
ENSG00000163297	OMIM:228600
ENSG00000163322	OMIM:114480
ENSG00000163344	OMIM:175800
ENSG00000163347	OMIM:607626
ENSG00000163359	OMIM:158810|OMIM:254090
ENSG00000163499	OMIM:115900
ENSG00000163501	OMIM:112500|OMIM:607778
ENSG00000163513	OMIM:133239
ENSG00000163536	OMIM:604218
ENSG00000163541	OMIM:245400
ENSG00000163554	OMIM:130600|OMIM:266140|OMIM:270970
ENSG00000163581	OMIM:125853|OMIM:227810
ENSG00000163599	OMIM:140300|OMIM:152700
ENSG00000163600	OMIM:607594
ENSG00000163635	OMIM:164500
ENSG00000163646	OMIM:276902
ENSG00000163666	OMIM:182230
ENSG00000163703	OMIM:606217
ENSG00000163719	OMIM:160150
ENSG00000163817	OMIM:138500|OMIM:242600
ENSG00000163898	OMIM:604379
ENSG00000163913	OMIM:218330
ENSG00000163914	OMIM:136880
ENSG00000164007	OMIM:248190
ENSG00000164022	OMIM:260600
ENSG00000164093	OMIM:137600|OMIM:180500|OMIM:180550|OMIM:604229
ENSG00000164099	OMIM:249500
ENSG00000164120	OMIM:119900|OMIM:259100
ENSG00000164175	OMIM:606574
ENSG00000164182	OMIM:252010|OMIM:256000
ENSG00000164190	OMIM:122470
ENSG00000164199	OMIM:604352|OMIM:605472
ENSG00000164252	OMIM:149000
ENSG00000164258	OMIM:252010|OMIM:256000
ENSG00000164265	OMIM:600807
ENSG00000164266	OMIM:167800|OMIM:608189
ENSG00000164326	OMIM:601665
ENSG00000164362	OMIM:601626
ENSG00000164414	OMIM:603585
ENSG00000164458	OMIM:182940
ENSG00000164587	OMIM:153550
ENSG00000164610	OMIM:180104
ENSG00000164619	OMIM:608022
ENSG00000164690	OMIM:142945|OMIM:147250|OMIM:269160
ENSG00000164692	OMIM:130060|OMIM:166200|OMIM:166210|OMIM:166220|OMIM:166710|OMIM:225320|OMIM:259420
ENSG00000164708	OMIM:261670
ENSG00000164741	OMIM:114500
ENSG00000164756	OMIM:125853
ENSG00000164761	OMIM:239000
ENSG00000164867	OMIM:104300|OMIM:145500|OMIM:189800|OMIM:601367
ENSG00000164904	OMIM:266100
ENSG00000164946	OMIM:248450|OMIM:608980
ENSG00000164951	OMIM:608782
ENSG00000164953	OMIM:213300|OMIM:216360|OMIM:607361
ENSG00000164961	OMIM:220210|OMIM:603563
ENSG00000165029	OMIM:143890|OMIM:205400|OMIM:604091
ENSG00000165060	OMIM:229300
ENSG00000165091	OMIM:600974|OMIM:606705
ENSG00000165102	OMIM:252930
ENSG00000165168	OMIM:306400
ENSG00000165194	OMIM:300088
ENSG00000165240	OMIM:300489|OMIM:304150|OMIM:309400
ENSG00000165280	OMIM:167320
ENSG00000165392	OMIM:277700
ENSG00000165409	OMIM:275200|OMIM:603373
ENSG00000165458	OMIM:258480
ENSG00000165462	OMIM:602078
ENSG00000165474	OMIM:124500|OMIM:148210|OMIM:148350|OMIM:149200|OMIM:220290|OMIM:601544|OMIM:602540
ENSG00000165617	OMIM:182940
ENSG00000165671	OMIM:117550|OMIM:130650
ENSG00000165688	OMIM:213200
ENSG00000165694	OMIM:310700
ENSG00000165699	OMIM:191100|OMIM:606690
ENSG00000165702	OMIM:187900
ENSG00000165704	OMIM:300322|OMIM:300323
ENSG00000165731	OMIM:142623|OMIM:155240|OMIM:162300|OMIM:171300|OMIM:171400|OMIM:209880
ENSG00000165733	OMIM:107600
ENSG00000165821	OMIM:216820
ENSG00000165917	OMIM:208150
ENSG00000166035	OMIM:125853
ENSG00000166126	OMIM:261100
ENSG00000166147	OMIM:102370|OMIM:129600|OMIM:154700|OMIM:184900|OMIM:604308|OMIM:608328
ENSG00000166228	OMIM:264070
ENSG00000166311	OMIM:257200|OMIM:607616
ENSG00000166340	OMIM:204500
ENSG00000166341	OMIM:601390|OMIM:607829
ENSG00000166347	OMIM:250790
ENSG00000166349	OMIM:601457|OMIM:603554
ENSG00000166546	OMIM:117210
ENSG00000166603	OMIM:601665
ENSG00000166710	OMIM:105200|OMIM:241600
ENSG00000166794	OMIM:259440
ENSG00000166801	OMIM:127000|OMIM:602361
ENSG00000166813	OMIM:146510|OMIM:200990|OMIM:209900|OMIM:607131
ENSG00000166828	OMIM:177200|OMIM:264350
ENSG00000167085	OMIM:114480
ENSG00000167114	OMIM:608649
ENSG00000167207	OMIM:186580|OMIM:266600|OMIM:607507
ENSG00000167323	OMIM:160565|OMIM:185070
ENSG00000167371	OMIM:128200|OMIM:602066|OMIM:605751
ENSG00000167397	OMIM:122700|OMIM:607473
ENSG00000167434	OMIM:600852
ENSG00000167468	OMIM:250220
ENSG00000167522	OMIM:148050
ENSG00000167548	OMIM:147920
ENSG00000167580	OMIM:125800
ENSG00000167634	OMIM:231090
ENSG00000167642	OMIM:270420
ENSG00000167654	OMIM:601238
ENSG00000167711	OMIM:262850
ENSG00000167749	OMIM:204700
ENSG00000167768	OMIM:113800|OMIM:144200|OMIM:146590|OMIM:600962|OMIM:607602|OMIM:607654
ENSG00000167792	OMIM:252010|OMIM:256000
ENSG00000167895	OMIM:226400
ENSG00000167941	OMIM:122860|OMIM:239100|OMIM:269500
ENSG00000167985	OMIM:601650
ENSG00000167995	OMIM:153700|OMIM:193220
ENSG00000168000	OMIM:269700|OMIM:270685|OMIM:600794
ENSG00000168028	OMIM:271400
ENSG00000168036	OMIM:114500|OMIM:114550|OMIM:132600|OMIM:155255
ENSG00000168056	OMIM:601216
ENSG00000168229	OMIM:607277
ENSG00000168237	OMIM:220120
ENSG00000168269	OMIM:600791
ENSG00000168282	OMIM:212066
ENSG00000168288	OMIM:277410
ENSG00000168303	OMIM:234050
ENSG00000168434	OMIM:608779
ENSG00000168447	OMIM:177200|OMIM:211400|OMIM:264350
ENSG00000168453	OMIM:146550|OMIM:203655|OMIM:209500
ENSG00000168509	OMIM:602390
ENSG00000168542	OMIM:100070|OMIM:130020|OMIM:130050
ENSG00000168575	OMIM:213600
ENSG00000168610	OMIM:147060
ENSG00000168621	OMIM:171300|OMIM:209880
ENSG00000168646	OMIM:114500|OMIM:608615
ENSG00000168685	OMIM:608971
ENSG00000168878	OMIM:265120
ENSG00000169031	OMIM:104200|OMIM:141200|OMIM:203780
ENSG00000169047	OMIM:125853
ENSG00000169057	OMIM:105830|OMIM:300055|OMIM:300260|OMIM:300496|OMIM:312750
ENSG00000169071	OMIM:113000|OMIM:268310
ENSG00000169083	OMIM:176807|OMIM:300068|OMIM:312300|OMIM:313200
ENSG00000169105	OMIM:601776
ENSG00000169174	OMIM:603776
ENSG00000169184	OMIM:607174
ENSG00000169194	OMIM:600807|OMIM:607154
ENSG00000169247	OMIM:601596
ENSG00000169252	OMIM:600807|OMIM:601665
ENSG00000169255	OMIM:111400
ENSG00000169297	OMIM:300018|OMIM:300200
ENSG00000169306	OMIM:300143
ENSG00000169344	OMIM:162000|OMIM:603860
ENSG00000169432	OMIM:133020|OMIM:167400|OMIM:243000|OMIM:607208
ENSG00000169554	OMIM:235730
ENSG00000169562	OMIM:145900|OMIM:302800
ENSG00000169567	OMIM:137200
ENSG00000169599	OMIM:605711
ENSG00000169604	OMIM:230740|OMIM:602089
ENSG00000169607	OMIM:272440
ENSG00000169676	OMIM:143465|OMIM:606798
ENSG00000169692	OMIM:608594
ENSG00000169696	OMIM:606243
ENSG00000169704	OMIM:231200
ENSG00000169714	OMIM:602668
ENSG00000169738	OMIM:260800
ENSG00000169884	OMIM:225300
ENSG00000169919	OMIM:253220
ENSG00000169946	OMIM:187500|OMIM:217095
ENSG00000170113	OMIM:600363
ENSG00000170262	OMIM:607398
ENSG00000170264	OMIM:606068
ENSG00000170266	OMIM:230500|OMIM:230600|OMIM:230650|OMIM:253010
ENSG00000170289	OMIM:248200|OMIM:262300
ENSG00000170370	OMIM:269160
ENSG00000170381	OMIM:214800
ENSG00000170421	OMIM:215600
ENSG00000170442	OMIM:158000
ENSG00000170454	OMIM:600628
ENSG00000170477	OMIM:193900
ENSG00000170484	OMIM:194300
ENSG00000170523	OMIM:158000
ENSG00000170624	OMIM:601287|OMIM:606685
ENSG00000170734	OMIM:278750
ENSG00000170820	OMIM:233300|OMIM:276400|OMIM:608115
ENSG00000170836	OMIM:114480
ENSG00000170876	OMIM:604400
ENSG00000170881	OMIM:144700
ENSG00000170927	OMIM:263200
ENSG00000171100	OMIM:310400
ENSG00000171105	OMIM:125853|OMIM:246200|OMIM:262190
ENSG00000171195	OMIM:600807
ENSG00000171204	OMIM:252010
ENSG00000171298	OMIM:232300
ENSG00000171302	OMIM:251450
ENSG00000171316	OMIM:214800
ENSG00000171320	OMIM:268300|OMIM:269000
ENSG00000171365	OMIM:300009|OMIM:310468
ENSG00000171385	OMIM:607346
ENSG00000171403	OMIM:144200
ENSG00000171444	OMIM:114500
ENSG00000171453	OMIM:248390
ENSG00000171456	OMIM:605039
ENSG00000171503	OMIM:231680
ENSG00000171557	OMIM:202400
ENSG00000171560	OMIM:105200|OMIM:202400
ENSG00000171564	OMIM:202400
ENSG00000171714	OMIM:166260
ENSG00000171759	OMIM:261600
ENSG00000171812	OMIM:136800
ENSG00000171862	OMIM:153480|OMIM:155600|OMIM:158350|OMIM:176807|OMIM:276950|OMIM:605309|OMIM:607174
ENSG00000171867	OMIM:123400|OMIM:137440|OMIM:245300|OMIM:600072|OMIM:603218|OMIM:606688
ENSG00000171953	OMIM:604273
ENSG00000171954	OMIM:604777
ENSG00000172062	OMIM:253300|OMIM:253400|OMIM:253550
ENSG00000172071	OMIM:226980
ENSG00000172156	OMIM:600807
ENSG00000172269	OMIM:608093
ENSG00000172331	OMIM:222800
ENSG00000172482	OMIM:259900
ENSG00000172534	OMIM:309541
ENSG00000172572	OMIM:112410
ENSG00000172817	OMIM:270800
ENSG00000172867	OMIM:146800
ENSG00000172893	OMIM:270400
ENSG00000172936	OMIM:153600
ENSG00000172943	OMIM:300263
ENSG00000172987	OMIM:236730
ENSG00000173040	OMIM:193530|OMIM:225500
ENSG00000173085	OMIM:146500|OMIM:607426
ENSG00000173175	OMIM:606703
ENSG00000173218	OMIM:182940|OMIM:600145
ENSG00000173391	OMIM:608446
ENSG00000173599	OMIM:266150
ENSG00000173614	OMIM:608553
ENSG00000173757	OMIM:245590
ENSG00000173801	OMIM:601214
ENSG00000173821	OMIM:607151
ENSG00000173898	OMIM:600224
ENSG00000173991	OMIM:601954|OMIM:607487
ENSG00000174106	OMIM:155950|OMIM:166700
ENSG00000174175	OMIM:147050
ENSG00000174231	OMIM:600059
ENSG00000174358	OMIM:138500|OMIM:234500|OMIM:242600
ENSG00000174405	OMIM:254500|OMIM:606593
ENSG00000174437	OMIM:101900|OMIM:124200
ENSG00000174483	OMIM:209900
ENSG00000174705	OMIM:249420
ENSG00000174775	OMIM:163200|OMIM:188470|OMIM:218040
ENSG00000174804	OMIM:133780
ENSG00000174842	OMIM:138000
ENSG00000174886	OMIM:252010
ENSG00000175054	OMIM:210600
ENSG00000175065	OMIM:607903
ENSG00000175084	OMIM:181400|OMIM:601419|OMIM:604765
ENSG00000175097	OMIM:601457|OMIM:603554
ENSG00000175198	OMIM:606054
ENSG00000175325	OMIM:262600
ENSG00000175426	OMIM:600955
ENSG00000175445	OMIM:144250|OMIM:238600
ENSG00000175564	OMIM:601665
ENSG00000175595	OMIM:278760
ENSG00000175600	OMIM:231690
ENSG00000175899	OMIM:104300
ENSG00000175920	OMIM:208150|OMIM:254300
ENSG00000176022	OMIM:271640
ENSG00000176340	OMIM:220110
ENSG00000176619	OMIM:608709
ENSG00000176692	OMIM:153400
ENSG00000176697	OMIM:164230|OMIM:209880|OMIM:607499
ENSG00000177000	OMIM:181500|OMIM:188050|OMIM:236250|OMIM:601634
ENSG00000177082	OMIM:251300
ENSG00000177156	OMIM:606003
ENSG00000177189	OMIM:303600
ENSG00000177192	OMIM:600462
ENSG00000177409	OMIM:159550
ENSG00000177426	OMIM:142946
ENSG00000177565	OMIM:602342
ENSG00000177706	OMIM:259775
ENSG00000177807	OMIM:600791
ENSG00000178057	OMIM:252010
ENSG00000178127	OMIM:252010
ENSG00000178209	OMIM:131950|OMIM:226670
ENSG00000178235	OMIM:137580
ENSG00000178445	OMIM:605899
ENSG00000178449	OMIM:220110
ENSG00000178573	OMIM:601088
ENSG00000178802	OMIM:602579
ENSG00000178814	OMIM:260005
ENSG00000178919	OMIM:241850
ENSG00000179142	OMIM:203400
ENSG00000179148	OMIM:606545
ENSG00000179163	OMIM:230000
ENSG00000179218	OMIM:187950|OMIM:254450
ENSG00000179295	OMIM:151100|OMIM:156250|OMIM:163950|OMIM:607785
ENSG00000179348	OMIM:601626
ENSG00000179477	OMIM:242100
ENSG00000179520	OMIM:605583
ENSG00000179583	OMIM:180300|OMIM:209920
ENSG00000179774	OMIM:221900
ENSG00000179855	OMIM:601869
ENSG00000179941	OMIM:209900
ENSG00000179981	OMIM:607842
ENSG00000180053	OMIM:217095
ENSG00000180176	OMIM:605407
ENSG00000180210	OMIM:188050|OMIM:601367
ENSG00000180644	OMIM:603553|OMIM:605027
ENSG00000180900	OMIM:182940
ENSG00000180902	OMIM:600721
ENSG00000180921	OMIM:130900
ENSG00000181027	OMIM:606612|OMIM:607155
ENSG00000181163	OMIM:601626
ENSG00000181192	OMIM:204750
ENSG00000181449	OMIM:206900
ENSG00000181523	OMIM:252900
ENSG00000181585	OMIM:600971
ENSG00000181690	OMIM:181030
ENSG00000181722	OMIM:259050
ENSG00000181830	OMIM:266265
ENSG00000181856	OMIM:125853
ENSG00000182040	OMIM:606943
ENSG00000182054	OMIM:137800
ENSG00000182117	OMIM:224230
ENSG00000182173	OMIM:225753|OMIM:277470
ENSG00000182197	OMIM:133700|OMIM:215300
ENSG00000182220	OMIM:300423
ENSG00000182287	OMIM:304340
ENSG00000182372	OMIM:600143
ENSG00000182389	OMIM:607682
ENSG00000182492	OMIM:300106
ENSG00000182533	OMIM:123320|OMIM:192600|OMIM:272120|OMIM:606072|OMIM:607801
ENSG00000182578	OMIM:221820
ENSG00000182636	OMIM:176270
ENSG00000182858	OMIM:607143
ENSG00000182871	OMIM:267750
ENSG00000182872	OMIM:311900
ENSG00000182890	OMIM:168600
ENSG00000183072	OMIM:108900|OMIM:187500|OMIM:217095
ENSG00000183091	OMIM:256030
ENSG00000183098	OMIM:258315
ENSG00000183196	OMIM:217800
ENSG00000183287	OMIM:235510
ENSG00000183337	OMIM:300166
ENSG00000183421	OMIM:263650
ENSG00000183454	OMIM:245570
ENSG00000183691	OMIM:184460|OMIM:185800|OMIM:186500|OMIM:186570
ENSG00000183765	OMIM:114480|OMIM:176807|OMIM:259500
ENSG00000183770	OMIM:110100|OMIM:608996
ENSG00000183873	OMIM:108770|OMIM:113900|OMIM:272120|OMIM:601144|OMIM:601154|OMIM:603829|OMIM:603830|OMIM:608567
ENSG00000183918	OMIM:308240
ENSG00000184009	OMIM:604717
ENSG00000184056	OMIM:208085
ENSG00000184058	OMIM:187500|OMIM:188400|OMIM:192430|OMIM:217095
ENSG00000184156	OMIM:121201
ENSG00000184292	OMIM:204870
ENSG00000184302	OMIM:212550
ENSG00000184381	OMIM:256600
ENSG00000184564	OMIM:221200
ENSG00000184634	OMIM:305450|OMIM:309520
ENSG00000184640	OMIM:162100
ENSG00000184675	OMIM:300373
ENSG00000184752	OMIM:256000
ENSG00000184908	OMIM:607364
ENSG00000184937	OMIM:136680|OMIM:156240|OMIM:194070|OMIM:194080|OMIM:256370|OMIM:608978
ENSG00000185010	OMIM:306700
ENSG00000185231	OMIM:202200
ENSG00000185245	OMIM:153670|OMIM:177820|OMIM:231200|OMIM:258660
ENSG00000185303	OMIM:178500
ENSG00000185339	OMIM:275350
ENSG00000185344	OMIM:219200|OMIM:278250
ENSG00000185345	OMIM:168600|OMIM:211980|OMIM:600116|OMIM:607572
ENSG00000185482	OMIM:255995
ENSG00000185624	OMIM:112240
ENSG00000185825	OMIM:300475
ENSG00000185909	OMIM:236000
ENSG00000185920	OMIM:109400|OMIM:605462
ENSG00000185950	OMIM:125853
ENSG00000185960	OMIM:127300|OMIM:249700
ENSG00000186010	OMIM:607464
ENSG00000186081	OMIM:131760|OMIM:131800|OMIM:131900|OMIM:131960|OMIM:179850|OMIM:601001
ENSG00000186104	OMIM:600081
ENSG00000186153	OMIM:133239
ENSG00000186188	OMIM:607514
ENSG00000186326	OMIM:608415
ENSG00000186335	OMIM:138500|OMIM:242600
ENSG00000186340	OMIM:603932
ENSG00000186395	OMIM:113800|OMIM:607602
ENSG00000186442	OMIM:122100
ENSG00000186472	OMIM:608027
ENSG00000186575	OMIM:101000|OMIM:162091|OMIM:607174
ENSG00000186716	OMIM:608232
ENSG00000186765	OMIM:607921
ENSG00000186790	OMIM:107250
ENSG00000186832	OMIM:167200
ENSG00000186847	OMIM:125595|OMIM:131760|OMIM:131800|OMIM:131900|OMIM:161000|OMIM:601001
ENSG00000186862	OMIM:276901|OMIM:605472
ENSG00000186868	OMIM:172700|OMIM:600274|OMIM:601104
ENSG00000186889	OMIM:277170
ENSG00000187017	OMIM:609006
ENSG00000187045	OMIM:206200
ENSG00000187049	OMIM:603194|OMIM:608091
ENSG00000187079	OMIM:108985
ENSG00000187091	OMIM:151600
ENSG00000187098	OMIM:103470|OMIM:103500|OMIM:193510
ENSG00000187244	OMIM:247420
ENSG00000187258	OMIM:608584
ENSG00000187266	OMIM:133100
ENSG00000187323	OMIM:114500|OMIM:133239|OMIM:157600
ENSG00000187486	OMIM:125853|OMIM:601820|OMIM:606176
ENSG00000187498	OMIM:175780|OMIM:180000|OMIM:269160|OMIM:607595
ENSG00000187535	OMIM:266920
ENSG00000187554	OMIM:601744|OMIM:608556
ENSG00000187566	OMIM:254780
ENSG00000187676	OMIM:261540
ENSG00000187741	OMIM:227650
ENSG00000187796	OMIM:212050
ENSG00000187848	OMIM:608224
ENSG00000188037	OMIM:160800|OMIM:255700
ENSG00000188095	OMIM:608681
ENSG00000188107	OMIM:602772
ENSG00000188153	OMIM:301050
ENSG00000188158	OMIM:302200|OMIM:302350
ENSG00000188257	OMIM:114500
ENSG00000188419	OMIM:303100
ENSG00000188452	OMIM:608380
ENSG00000188467	OMIM:113750
ENSG00000188536	OMIM:140700|OMIM:604131
ENSG00000188603	OMIM:204200
ENSG00000188690	OMIM:263700
ENSG00000188778	OMIM:601665
ENSG00000188906	OMIM:607060
ENSG00000188910	OMIM:133200|OMIM:220290
ENSG00000188937	OMIM:310500
ENSG00000188992	OMIM:145750
ENSG00000189056	OMIM:257320
ENSG00000189067	OMIM:601098
ENSG00000189241	OMIM:608800
ENSG00000189433	OMIM:133200
ENSG00000196218	OMIM:117000|OMIM:145600|OMIM:255320
ENSG00000196296	OMIM:601003
ENSG00000196338	OMIM:300425|OMIM:300494
ENSG00000196365	OMIM:600373
ENSG00000196396	OMIM:125853
ENSG00000196459	OMIM:313400
ENSG00000196468	OMIM:309630
ENSG00000196565	OMIM:141749
ENSG00000196569	OMIM:607855
ENSG00000196586	OMIM:606346|OMIM:607821
ENSG00000196611	OMIM:226600|OMIM:606963
ENSG00000196616	OMIM:103780
ENSG00000196712	OMIM:162200|OMIM:162210|OMIM:193520|OMIM:601321|OMIM:607785
ENSG00000196743	OMIM:272750
ENSG00000196767	OMIM:304400
ENSG00000196811	OMIM:253290|OMIM:265000
ENSG00000196839	OMIM:102700
ENSG00000196878	OMIM:104530|OMIM:226650|OMIM:226700
ENSG00000196924	OMIM:300048|OMIM:300049|OMIM:300244|OMIM:300321|OMIM:304120|OMIM:305620|OMIM:309350|OMIM:311300|OMIM:314400
ENSG00000196935	OMIM:188470
ENSG00000197081	OMIM:114550
ENSG00000197102	OMIM:158600
ENSG00000197122	OMIM:114500
ENSG00000197208	OMIM:180300
ENSG00000197275	OMIM:114500|OMIM:605027
ENSG00000197299	OMIM:210900
ENSG00000197375	OMIM:212140
ENSG00000197386	OMIM:143100
ENSG00000197496	OMIM:208050
ENSG00000197535	OMIM:214450
ENSG00000197561	OMIM:162800|OMIM:202700
ENSG00000197594	OMIM:125853|OMIM:208000|OMIM:601665|OMIM:602475
ENSG00000197603	OMIM:277170
ENSG00000197746	OMIM:249900
ENSG00000197779	OMIM:300498
ENSG00000197822	OMIM:251290
ENSG00000197859	OMIM:231050
ENSG00000197891	OMIM:220150
ENSG00000197912	OMIM:607259
ENSG00000197969	OMIM:200150
ENSG00000198001	OMIM:607676
ENSG00000198087	OMIM:607832
ENSG00000198130	OMIM:250620
ENSG00000198211	OMIM:600638
ENSG00000198246	OMIM:602782
ENSG00000198331	OMIM:236680
ENSG00000198363	OMIM:601552
ENSG00000198400	OMIM:155240|OMIM:256800
ENSG00000198467	OMIM:108120|OMIM:601680
ENSG00000198513	OMIM:182600
ENSG00000198569	OMIM:241530
ENSG00000198626	OMIM:115000|OMIM:600996|OMIM:604772
ENSG00000198650	OMIM:276600
ENSG00000198677	OMIM:222470
ENSG00000198689	OMIM:300243
ENSG00000198691	OMIM:153800|OMIM:248200|OMIM:601718|OMIM:604116
ENSG00000198695	OMIM:252010|OMIM:500001|OMIM:535000|OMIM:540000
ENSG00000198712	OMIM:220110
ENSG00000198727	OMIM:500000|OMIM:535000
ENSG00000198732	OMIM:206920
ENSG00000198734	OMIM:188055|OMIM:227400|OMIM:600880|OMIM:601367
ENSG00000198763	OMIM:535000
ENSG00000198786	OMIM:252010|OMIM:256000|OMIM:535000|OMIM:540000
ENSG00000198804	OMIM:114500|OMIM:220110
ENSG00000198807	OMIM:604625
ENSG00000198814	OMIM:307030
ENSG00000198835	OMIM:608804
ENSG00000198836	OMIM:125250|OMIM:165500|OMIM:210000|OMIM:606657
ENSG00000198840	OMIM:252010|OMIM:256000
ENSG00000198886	OMIM:500001|OMIM:535000|OMIM:540000
ENSG00000198888	OMIM:252010|OMIM:535000|OMIM:540000
ENSG00000198899	OMIM:256000|OMIM:500003|OMIM:535000|OMIM:551500
ENSG00000198910	OMIM:303350|OMIM:304100|OMIM:307000
ENSG00000198938	OMIM:535000|OMIM:540000
ENSG00000198947	OMIM:300376|OMIM:302045|OMIM:310200
ENSG00000203618	OMIM:231200
ENSG00000203667	OMIM:220110
ENSG00000203782	OMIM:604117
ENSG00000203859	OMIM:201810
ENSG00000203883	OMIM:607823
ENSG00000204103	OMIM:166300
ENSG00000204120	OMIM:607688
ENSG00000204217	OMIM:178600
ENSG00000204262	OMIM:130000
ENSG00000204370	OMIM:114900|OMIM:168000|OMIM:171300|OMIM:252011|OMIM:606864
ENSG00000204406	OMIM:156200
ENSG00000204525	OMIM:177900
ENSG00000204842	OMIM:168600|OMIM:183090
ENSG00000204843	OMIM:105400|OMIM:168605|OMIM:607641
ENSG00000205090	OMIM:607454
ENSG00000205138	OMIM:252011
ENSG00000205336	OMIM:606854
ENSG00000205426	OMIM:158000
ENSG00000205571	OMIM:253300|OMIM:253400|OMIM:253550|OMIM:271150
ENSG00000205899	OMIM:607539
ENSG00000206172	OMIM:140700|OMIM:604131
ENSG00000206290	OMIM:184840|OMIM:215150|OMIM:277610|OMIM:601868
ENSG00000206298	OMIM:256040
ENSG00000206372	OMIM:217000
ENSG00000206450	OMIM:106300|OMIM:608579
ENSG00000206510	OMIM:601410
ENSG00000206561	OMIM:603034
ENSG00000211899	OMIM:601495
ENSG00000212907	OMIM:535000
ENSG00000213024	OMIM:271930
ENSG00000213139	OMIM:116100
ENSG00000213281	OMIM:114500|OMIM:137550|OMIM:162900|OMIM:163200|OMIM:188470|OMIM:249400|OMIM:607785
ENSG00000213398	OMIM:136120|OMIM:245900
ENSG00000213614	OMIM:272800
ENSG00000213619	OMIM:252010|OMIM:256000
ENSG00000213689	OMIM:152700|OMIM:192315|OMIM:225750
ENSG00000213918	OMIM:152700
ENSG00000213930	OMIM:230400
ENSG00000213934	OMIM:141749
ENSG00000214160	OMIM:601110
ENSG00000215644	OMIM:125853
ENSG00000223802	OMIM:187500|OMIM:208530|OMIM:217095
ENSG00000223953	OMIM:605670
ENSG00000224156	OMIM:156610
ENSG00000224320	OMIM:608579
ENSG00000224916	OMIM:207750
ENSG00000225614	OMIM:229200
ENSG00000225783	OMIM:608446
ENSG00000225824	OMIM:123400|OMIM:126200
ENSG00000225830	OMIM:211980|OMIM:214150|OMIM:278800|OMIM:600630
ENSG00000225967	OMIM:604571
ENSG00000226275	OMIM:607507|OMIM:608446
ENSG00000229353	OMIM:606408
ENSG00000229807	OMIM:300087
ENSG00000229833	OMIM:220110
ENSG00000230108	OMIM:157300|OMIM:600807
ENSG00000230223	OMIM:608768
ENSG00000231543	OMIM:217000
ENSG00000232367	OMIM:604571
ENSG00000232575	OMIM:156610
ENSG00000233151	OMIM:201910
ENSG00000233323	OMIM:606408
ENSG00000233608	OMIM:200110|OMIM:209885|OMIM:227260
ENSG00000233927	OMIM:606164
ENSG00000234343	OMIM:256550
ENSG00000234669	OMIM:601410
ENSG00000234846	OMIM:256550
ENSG00000234906	OMIM:207750
ENSG00000235134	OMIM:201910
ENSG00000235590	OMIM:603233
ENSG00000235708	OMIM:215150|OMIM:277610|OMIM:601868
ENSG00000235715	OMIM:256040
ENSG00000236196	OMIM:180300
ENSG00000236490	OMIM:604571
ENSG00000236884	OMIM:126200|OMIM:180300|OMIM:181000
ENSG00000237123	OMIM:146520|OMIM:270300
ENSG00000237693	OMIM:607948
ENSG00000239672	OMIM:256700
ENSG00000239900	OMIM:103050
ENSG00000240505	OMIM:240500
ENSG00000241635	OMIM:143500|OMIM:218800|OMIM:237900|OMIM:601816|OMIM:606785
ENSG00000242110	OMIM:214950
ENSG00000242366	OMIM:143500|OMIM:218800|OMIM:237900|OMIM:606785
ENSG00000242866	OMIM:603720
ENSG00000243627	OMIM:220400
ENSG00000244414	OMIM:235400
ENSG00000244474	OMIM:218800|OMIM:606785
ENSG00000244486	OMIM:600920
ENSG00000244734	OMIM:140700|OMIM:141749|OMIM:603902|OMIM:603903
ENSG00000244752	OMIM:601547
ENSG00000245848	OMIM:601626
ENSG00000248098	OMIM:248600
ENSG00000248099	OMIM:219050
ENSG00000248144	OMIM:103780|OMIM:168600
ENSG00000251322	OMIM:606232
ENSG00000254647	OMIM:125852|OMIM:606176
ENSG00000255974	OMIM:122700|OMIM:188890|OMIM:211980
ENSG00000256053	OMIM:220110
ENSG00000256061	OMIM:127700
ENSG00000256269	OMIM:176000
ENSG00000257138	OMIM:171200
ENSG00000258839	OMIM:203200|OMIM:266300
ENSG00000258947	OMIM:600638
ENSG00000259207	OMIM:187800|OMIM:273800|OMIM:608446
ENSG00000259384	OMIM:173100|OMIM:262400|OMIM:262650
ENSG00000260099	OMIM:274150
ENSG00000260692	OMIM:256000
ENSG00000261109	OMIM:131950
ENSG00000261258	OMIM:259450
ENSG00000261297	OMIM:201100
ENSG00000261473	OMIM:167800
ENSG00000261609	OMIM:256850
ENSG00000261964	OMIM:277600
ENSG00000262327	OMIM:212350
ENSG00000262418	OMIM:608971
ENSG00000262446	OMIM:127750|OMIM:168600|OMIM:230800|OMIM:230900|OMIM:231000|OMIM:231005|OMIM:608013
ENSG00000262785	OMIM:102900|OMIM:266200
ENSG00000262875	OMIM:193235
ENSG00000262968	OMIM:600081
ENSG00000263243	OMIM:122100
ENSG00000263298	OMIM:601847|OMIM:605479
ENSG00000264229	OMIM:210710
ENSG00000265107	OMIM:108770
ENSG00000265241	OMIM:274000
ENSG00000267807	OMIM:604717
ENSG00000268104	OMIM:300306
ENSG00000268221	OMIM:303700|OMIM:303800
ENSG00000269335	OMIM:300291|OMIM:300301|OMIM:308300
ENSG00000269821	OMIM:130650
ENSG00000269900	OMIM:250250|OMIM:250460|OMIM:607095
ENSG00000270141	OMIM:127550
ENSG00000273686	OMIM:105200|OMIM:241600
ENSG00000273707	OMIM:130650
ENSG00000273814	OMIM:251290
ENSG00000273889	OMIM:130900
ENSG00000274247	OMIM:167800
ENSG00000274286	OMIM:607876
ENSG00000274726	OMIM:608236
ENSG00000275331	OMIM:177850|OMIM:264800
ENSG00000275410	OMIM:125853|OMIM:137920|OMIM:144700
ENSG00000275896	OMIM:167800
ENSG00000276155	OMIM:168600|OMIM:172700|OMIM:260540|OMIM:600274|OMIM:601104
ENSG00000276536	OMIM:109800|OMIM:137550|OMIM:162900|OMIM:163200|OMIM:188470|OMIM:218040
ENSG00000276559	OMIM:607748
ENSG00000276701	OMIM:604302
ENSG00000276802	OMIM:227220
ENSG00000276977	OMIM:126200|OMIM:605218
ENSG00000277361	OMIM:203200|OMIM:227220
ENSG00000277571	OMIM:162800|OMIM:202700
ENSG00000277586	OMIM:607684|OMIM:607734
ENSG00000277893	OMIM:264600
ENSG00000278570	OMIM:268100
ENSG00000280627	OMIM:256000
ENSG00000280635	OMIM:262600
ENSG00000280905	OMIM:608902
ENSG00000280908	OMIM:180300
ENSG00000280987	OMIM:606070
ENSG00000281151	OMIM:121200
ENSG00000281244	OMIM:274150
ENSG00000281434	OMIM:256000
ENSG00000281702	OMIM:176000
ENSG00000281813	OMIM:603736|OMIM:606170
ENSG00000281857	OMIM:258100
ENSG00000281917	OMIM:245340
ENSG00000281919	OMIM:227240|OMIM:606574
ENSG00000282076	OMIM:192500|OMIM:220400|OMIM:607554
ENSG00000282844	OMIM:603278
ENSG00000282984	OMIM:241410|OMIM:244460
ENSG00000283022	OMIM:608647
ENSG00000283447	OMIM:252010
