GENE_ID	CONDITION_ID
1000	27064
10007	25441|25625|26027|27698|29013|29025|29543|29544
10008	30281
10011	30475
1002	28394
10024	29098
10033	27590|29116
10037	26055
10048	28984
1005	28328
10057	25659|27306|27307
10058	25880|30201
10065	29317|30280
10074	30512|30823
1009	24843|25010|25088|25654|25731|25961|26295|26420|26421|27985|29119|29180|30021|30276|31982
10091	31646
10093	29585|30504
10096	27172
10103	25187|26510|29456
10108	27953
10110	31270
10111	25591
10112	26321
10118	29773
1012	31615
10138	31392
1014	29648
10149	31268|31269
10152	26288|29263
1016	28307
10162	25304|29375
10164	26011
10172	25823
10178	30237
1018	28182
10183	29208
10188	31757
10190	25472
10200	24939|26456|29745
10209	30047|31941
10212	31011
1022	28512
10229	29213
10237	32260
1024	29979|31206
10240	27110
10244	25087
10245	26157
10247	29540
10251	25890|27560|31951
10256	31446
10257	31839
1026	31975
10260	31632
10266	30044
10273	30979
10276	29847
1028	27342
10289	25118
10290	25048|29570
10295	25431|29956|31028
10303	31595
10308	29199
10310	27380
10312	25386|27825|27929
10319	25304|27097
10325	25553|25776|28934|29901|31819
10326	29530
1033	31492
1034	31710
10340	31771|31772
10342	25989
10346	31378
10348	28049|30953
10353	26302
1036	30127
10360	31069
10364	31966
10365	29363
10369	25913
10381	30645|31851
10382	30899
10389	30678
1040	27174
10400	25529|27325
10401	31768
10402	29931
10417	31114
1042	25180
10423	29229
10428	26908
10429	25493|30016|30741
10432	31025
10433	32199
10434	31577
10435	30236
10439	31160
10443	31505
10446	30227
10453	27426
10455	25029|25032
10457	27720
10479	30091|31841
10483	32220
10488	31217
1049	30969
10491	25515|26262|26263|29201
10493	27458
10500	31053
10504	31655
10507	25181|27677
10525	27523
10526	29387
1053	27285|29683|30889
10530	27519|27602
10532	25226
10534	29221|29308
10535	31995
1054	31974
10544	25723
10547	27519|27602
10548	28814
10549	26055|29631
10562	31499
10569	28984
10577	29847|30461
10578	30323
10581	28980|30865|31199|31377
1059	25602
10591	31386
10592	29156
10593	30110
10598	31074|31076
106	31203
10600	26321|31638
10607	31164
10610	30847
10614	30134
10621	25787
10622	31700
10624	30675
10628	26253
10632	29602
10646	25594|25680|27888|30177
10647	25376|26014|26015|26016|26027|27038|27682
10649	27743
10653	30704
10654	25088
10655	29952
10658	31252|31253
10659	31185
10660	25304
10662	27273
10669	31260
10679	24896|25642|26459|28922
1068	29538
10683	31922
10691	27822
10697	30941
10698	30998
10699	32117
10705	27437|29762|31100
10707	29731
10708	26820|26870|29487|30053|30653|31765
10709	26949|29155
1071	30090|32072
1072	31151|31168
10722	25609|26658|29185
10726	31844
10727	27126
10731	31066|31067
10733	28839|29401
10736	27536|32011
10741	32024
10745	31481
10746	27132
1075	27010
10750	28247|28451
10756	28291
10759	28125
10760	28290|28316
10767	28204|28421|28503
10771	31062
10773	29500
10775	26046|30846|32058
10776	31204
10778	28251
10789	28343
1079	26317|32044
10795	28075
10797	28019|29137|29796
10798	30052
108	28153
10806	27663
10807	29045
10808	31038
10809	25266|25709|25711|25725|26952|28964|29101
1081	25731|26273
10812	30835|30836
10821	30335
10830	30628|31759
10838	29945|30862
10841	26321
10858	25137|25387
10865	26819
10867	28546
10870	26488|29398
10871	26427
10872	28171|28172
10876	29846
10877	25586|25821|25950|26102|26103|26729
10879	24953
10889	31232
10897	26876
10901	29869
10908	31937
10909	31303
10913	30306
10915	26699|31914
10925	31153
10929	30211
10938	28701|29950|32091
10939	25304|30406|30877
10940	30926
10943	30145
10944	30740
10949	31893
10950	27730
10958	24861|25365|25809|26365|29214|29650|30955|32150
10971	30902
10976	30282|32239
1098	31061
10982	27786
10984	31418
10985	30511
1099	31825
10997	27634|29537
11	28517
110	26426|27996
1100	31582
11001	32256
11004	26644|29823
11005	28936|29578
11007	27484
11009	27187|28949|29154|29913
11016	31596
11018	32241
11019	31847
1102	30759
11023	30543
1104	27568
11054	25134
11055	29873|32216
11057	29807
11068	28984
11075	30123
11077	24908|27312
11083	31552
11091	27683
11095	25325|29077
11097	25665|26583|26731|29457|30929
11099	30824
1110	29174
11103	26193|27795|30478
11114	30993
11115	31233
1112	25806
1113	32080
11139	30384
11140	30831
11141	30773
11145	32078
11148	31529|31892
1116	27782
11163	25087
11172	31888
11173	29709
11177	31176
11185	32077
11190	26394|27838|29516|29860
11192	30485
11197	31987
11205	31605
11208	27514
11210	25916|26370|30404
11216	25341|29042|29329
11224	25230|29504
11226	28818
11230	27471
11235	31189
11236	30778
11238	25705
11245	25702
11248	30171
11255	25300
11256	31097
11269	30536
11271	27154
11275	27913
11278	29409
11280	28893
11283	29831
1129	28027
11299	27761
11300	29958
11303	31142|31947
11308	31738
11309	26647
11317	25073|25618|25668|28834|29536|29547
11321	31706
11323	30689
11328	31282
11329	27519|27602
11345	27055
1135	28355
11353	25234|27274|27893
1136	32159
11361	30087
11366	28983
11370	25793|26536|30200|30538
11371	31549
11372	27897|27920|28809|31725
11378	31736
11381	27942
11383	25088|25089|25419|25822|26038|31355
11385	30754
11386	28886
114	27968
11404	31660
11413	31218
11414	28062
11415	29477
11417	26946
11422	29996
11424	29787|31729
11426	28807
11428	31992
11429	31438
11430	26785
11433	28064
11434	30924
11439	27198
11444	29484|29847|30766
11447	31568|31571
11451	31984
11461	29730
11464	26193|26766|27795
11465	25667|26632|26723
11469	30085
11470	31244
11479	29078
11484	31467
11486	24835|25374|25375
1149	31821
11492	26823
11496	25678|31737
11498	30399
11499	26102|26729|30729
115	31749
1150	31683
11500	25088|29695
11502	32164
11509	29760
11512	32205
1152	31399
11521	31003
11523	30828|32047
1153	27921
11536	29786
11543	27807
11563	31903
11565	31506
11566	32223
1157	32110
11579	24894|25563|26637
11580	31435
11583	25304
11584	24923|28113|28155|28208|28255|28588
11587	25053|27877
11588	26184|28118|28242|28580|28599
1159	31741
11593	29003
11596	31515
11603	31894
11604	29167
11607	29465
1161	27908
11611	28814|29462
11615	30046
1162	32083
11626	28975|30592
11630	28814|28984
11631	25027|31327
11634	30598
11638	28104|28139
11640	28132
11641	29909
11643	25941|29173|29911
11645	30343|31098
11647	31112
11648	30610
11649	30292
1165	31935
11659	30293
11661	25426|26047|27336|29468|30816
11673	30971
11678	27220
11679	25651|28398
11681	25500
11688	29323
11689	27144|29055
1169	28230
11691	27969
11698	25602|29417
1170	28146|28194
11702	30241
11704	29691
11705	29367
11706	27157
11708	29113
11713	27723
1172	25087
11720	32142
11725	27544
11727	31234
11737	27036|32219
11742	29917
11751	27541
11754	28358
11755	26416|26886|29959|31804
1176	25776|30120
1178	31811|32169
11781	30149
11783	28748
1179	26598
11792	31907|31908
11794	30120
1180	27985
11806	29491
11807	29351
11809	27141|27142|27143|27539
11811	30051
11813	27427|27753
11833	27888
11835	30805
11837	26840
1184	26547|27042
11845	26861
11851	25872
11852	31115|32035
11854	28780|30299
11857	31651
1186	29269|30871
11862	26550
11864	26560|30858|31294
11867	31236
11873	25872
11875	31629
11884	32039
11889	30817
11891	28896|29396
119	25304|27294|27613|29361|30000
11904	28093
1191	28165|28228|28244|28245|28481
11921	30170
11922	27180|28038|29621
11924	29905
11925	25087
1193	30067
11935	29234|31013
11936	25624
11940	30317
11949	27767
1195	32171
11974	30466
11976	28537
11978	25304|27393|27752|29923|30036
11987	31779
1199	24879|24934|25359|29150|29211|29291
11991	28239
11998	28814
12001	30455
12002	27519
12021	27171
12022	27508
12023	31459
12028	26840|30311
12029	27875|27886
1203	28128
12034	28103|28220|28495|28541
12036	29486|31946
12038	31670
12040	25618
12048	25088
1205	27520|27602|29209|30687|30946
12053	27435|31990
12054	29273|31003
1206	29465|32157
12067	27163
12075	31348
12077	26612|31775
12078	24908|26612|31775
12079	26612|31775
12083	30326
12088	31546
12099	30105|31477
12104	26019|30133|30579
12107	31536
12110	31209
12112	27739
12114	30394
12115	32163|32166
1212	29019|29309
12122	31714
12126	25491|29793
12140	25786|25826|25882|26184|28027|28051|29292|29465|29612|30471
12141	30353
12143	31980
12144	25244|25509|27376|28680|29130|29397
12157	29206
12158	29253
1216	25304
12169	31408
12175	29779|30965
12177	31659
12180	30029
12182	27548|27551|27552
12183	27071
12188	30235
1219	26710
12193	28814|29847
12199	31520
12211	30505|30906
12216	29614|31205
12217	25026
1222	28980
12225	26992
12227	31867
12236	31210
1224	30076|31692
12240	31727
12243	30800
12246	31673
12249	30376
12259	27701
12261	32236
12266	28509
12268	30285
1227	25277|25390|31444
12271	25044
12279	31080
12308	27924|30785
12315	25673
12320	27912
12323	29992
12326	25788|30279
12329	28158
1233	25335
12336	27247
1234	25087
12342	26547|27042
12349	25664|29494
12362	29400
1237	25606
12372	26321|28703
12374	29815
12395	30691
12396	30691
12399	29670
1240	25257|27602|27750|29136
12400	30786|32007
12403	32186
12423	31463|31464|31465
1243	30795
12432	31473
12436	31697
12439	27826
12442	29679
12454	28360
1246	27087
12462	24867|27386
12466	28885|30156
12471	29460
12478	30486
12479	28721|31482
12493	30004|30752
12494	29033|29511
12497	31633
12498	28357
12505	31470
12507	30732
12509	25833|26025
12512	30547
12519	32174
1252	28988
12520	25677
12526	32151
12527	28678
12528	31896
12541	25529|27204|27325
12547	27572|29390
12551	24854|25261
12558	29936|30253
12560	26731
12578	32240
1258	25203|30733
12580	31082
12584	31442
12586	31310
12587	27457
12589	31351
12594	31569
12596	25965|26439|26902
12597	31173
12600	31229
12602	31171
12603	25441
12610	25525
12614	27519
12626	32086
12630	31656
12632	29871
12638	26746|31133
12641	29592
12644	26282|28941|29251|31452
12647	27187|28949|29154
1265	31280
12650	30184
12651	31324
12657	31814
12665	29349
12667	30266|31653
12668	31976|31977
12679	30069
12681	30456
12683	31326
12688	27756
1269	26635
12690	30867
12703	28833|30310
12704	25619|27266
1271	26321
12713	29990
12717	30510
12718	30011
12722	28984
12723	29496
12730	28094|30093|31430
12731	27164
12733	30890
12746	31644
12768	31249
12770	24896
12772	26699|27569
12783	27951|31462
12789	30573
1280	30070
12804	30623
12812	31230
12818	26944
12823	26901
12850	29718|32009
12859	25784
12860	25983|26729|29514|29984
12863	30997
1287	27347|29489
12875	30121
12879	30991
1288	29157
12880	31699
12888	32053
12890	30346
12902	26288|26433|27232|28982
12904	31681
12906	30083
1291	29216
12911	27506
12912	31358|31379
12914	30204
12919	27763
12926	29346
1293	28822
12930	28298|28410
12931	28762
12936	30968
12942	31933
12953	25902
12956	25595
12960	30637
12966	30582
12974	29830
12979	29075|32161
1298	25190|31774
12989	30115
12990	30845
12991	30058
12997	28734
130	32098
13001	26237|29785
13003	27699
13012	28807|30401
1302	26995
13032	30850
13039	27519
13048	27519
13059	25410|27060|30259|30736|31985
13060	30240
13064	25514|30551
13078	31172
1308	25088|25194|25879|28037|29834
13083	29340
13084	26944
13088	31886
13089	26795
1309	29620
13090	30550
13093	31547
13094	28863|29965
13109	30432|31101
1312	27119
13120	29108
13123	27703
13131	27315|32005
13138	30049
13141	30265
13161	30437
13162	31516
13166	30713
13170	26626|30040
13171	29384
13172	31973
13174	27135
13178	26428|27571
13185	30617
13189	25752|25842|25972|29571
13194	28980|30884|30950|31003
13207	31460
13208	30303
13209	27317
13210	29313
13219	26259|26732
1322	30529
13226	31875
13238	26975
13244	29023
13252	31023|31029
13258	26731|31761
13260	31587
13265	29584
13270	26886
13281	29303
13288	26433|28922|30709|31052
13290	30242
13297	31330
13298	30624
1330	30501
13309	30681
13317	30304|30719
13333	29153|29272|29791
13357	28341
1336	31553
13360	26321
13362	28797
13364	25391
13370	31763
13375	29392|29463|30521
13379	31732
13384	29981
13385	30349
13389	28980
1339	31584
13391	26649|31331
1340	31962
13407	31561
13414	26674
13417	30960
13421	27534
13422	31703
13423	28214
13425	32113
13426	28837
13436	32158
13438	26276
1344	25677|29847
13441	27676
13452	30611
13456	27830
13459	25304
1346	28222
13461	31455|31968
13472	31347
13476	29434
13478	25520|30693
1348	28117
13485	27015
13489	31641
13496	27046|28069|29966
13500	30026
13502	31396
13505	25437|26851
13509	28188|28332
13522	28424
13529	30765|32269
13537	28702|29927
13540	29556|30810
13548	28127
13549	30403|31707
13552	32125|32126
13555	25243|26522|27962|29355|29573|30203|31019
13566	26974
1357	24883|26620|29007|29435
13573	30735
13576	26167
1359	30260
13607	31735
13608	29459
13609	31658
13610	27855
13611	28569
13613	26067
13614	30340
13620	31192
13623	30267
13634	30439|31081
13644	30530
13649	24987|26416|26886|27033|31075|31078
1365	28311
13652	27604
13654	27657
1366	24849|25240|25703|26018|26479|30460|31519
13664	29143
13666	26896
13670	31604
13675	32130
13678	27216
13686	28137
13693	27779
13694	31346
13698	27385
13709	31991
1371	26508
13723	32133
13725	31585
13732	30667
13746	26356|26382|26390|26392|30138
13750	26038
13755	30297
13757	31965
13764	32090
13765	25087|26184|27685|29822
13766	25015|29765
1377	26738
13771	30535
13789	24985|25074|27962|28870|28872|29170|29171|29682|30874
13795	28478
13806	29249|31139
13810	30938
13811	26697
13812	26416|26438|26519|26886
13821	31489
13823	30146
13824	25204
13844	31370
13851	26652
13852	26804
13858	30721|30722|30723
13868	27618|29971|30447
13885	30302|31118
13894	26958
13898	31728
1390	30475|32173
13903	28326|28440|28507
13905	25944
13910	28180
13919	31611
1392	30407|31636
13920	27602
1393	28980
13935	31780
13937	28630|28631
13943	29488|30490
13948	25489|25841|26553|26556|27612|29761
1396	31643
13961	31698
13962	31639
13963	30081
13965	28453
13969	31854
13981	32195
13989	31838
14	26055|26766|26937|28057
14003	26608
14006	25792|26201|27157|27667
14020	26214
14022	31570
14025	28026
14027	26930|28087
14028	26038|26067|26780|28692|29527
14032	31005
1404	30600
14043	31649
14044	27601
14046	26131
14048	31923
14053	30666
14054	31509
14055	31668
14069	25037
14106	31188
14108	32131
14110	30893
14111	28199
14124	31422|31815
14125	27227
14128	25001|29307|30075
14134	25304
14135	25328|27466|28227
14137	31443
14140	28318
14141	30612
14145	29503
14150	30475
14152	31610
14155	25405|25406|25409|25411|26245|28848|29843
14158	28682
14160	30136
14165	25431|31020|31858
14168	30731
1417	30379
14171	29518
14174	31301|31302
14191	29666
14192	25529|27325
14193	29178
14198	25073|29536|29800
14206	31513
14207	25218
14217	29603
14220	32002
14223	30490
14229	24845|25943|29465
14242	31687
14244	29638|30475
14246	29595
1425	32168
14250	24948|29982
14252	30692
14260	31592
14261	26041|30459
14264	25294|25405|25406|25409|25924|28848
14266	28048|29308
14269	26110|28730|28867
14271	28055
14273	30055
14288	29766
14291	26663
14293	29128|29613
14296	24989
14297	25762
143	28047|28050|29056
14300	24883|24884|26545|31085
14307	29582
1431	31754
14323	30491
14325	25024|27410
14327	29689
14328	25427
14330	31419
14331	25088|25431|25865
14338	25304|29016|29361|30038|31915
14339	26156|26247|27888|29531|30193|31119
1434	28202
14345	27842
14346	31315
14347	29000|29680|31575
14350	27576
14356	31828
1436	29151
14366	27734
14367	31424
14373	32227
14374	30474
14376	30131
14377	27096
14378	29895
14387	26782
1439	31287
14394	29636
1441	25913|29380|31472
14414	28309
14419	25920|27594
14426	29714
14427	29117
1443	29161
14430	28365
14431	31373
14432	28389|28391
14433	31304
14449	25088
14476	28406
14479	29660
14480	25072
14486	31863
14490	25559|29191|30856
14497	26642
14500	31494
14505	28007
14509	25030
14515	27780
14516	28280
14529	28984
14539	30844
14545	31134
14547	29447
14549	25430|26952|30373
14552	28544
14558	25649
14574	27638|31963
14575	31634
14578	28866
1458	29207
14583	30904
1459	28918
14599	28237
146	30868
14600	29733
1462	28339
14623	25430
14630	31030|31284
14631	30475|31565
14635	30830
14648	31566|31777
1465	25475
14651	29928
14656	29986|29987
14661	25132|25644|27591
14668	30527
14676	28849
14677	32229
1468	30241
14683	28190|28206
14686	30771
14692	28749
14704	25304
1471	26110|28730|29576|30718|30744
14717	30010
1472	25207
14725	28601
14727	28521
14739	31087
14748	32184|32185
14751	30226|32193
14753	25570|30855
14754	29587
14758	29370|29575
14765	27058|29437
14766	24886
14768	30092|30564
14778	30567
14779	31335
14790	25945|25946|26546|28900|29571
14795	31382
14796	27976
14799	28425
1480	26355|30747
14809	27547|27804
14813	24870
14822	31016|31128|32221
14823	24903|27059|27061
14830	28111|28112|28151|28170|28420|28443|28502|28561|28618
14831	26439
1484	31747|31748
14843	28325
1485	25563|26637
14859	25089
14861	25887|30983|31132
14862	31885
14863	29867
14866	31672
14867	25088|32156
1487	27695
14883	26259
14887	30636
14889	31818
1489	30665|31835
14892	32160
14895	25088|29272
14897	30362
14899	26754
149	26944|27602
14912	26796
14916	25599
14919	31126
1493	30620
14934	32068
14939	26693
1494	26091|26443|29027
14942	26837
14948	25958|26617
1495	29242
14950	30907
14951	28334
14955	29915
1496	32251|32252
14960	25304|26692|28984|29089|30577|31551
14961	31836
14962	28055|31150
14963	31840
14964	30558|30559|30912|30913
14977	30631
14986	30575
14988	27468|30033|30185|30186
14991	29983
14994	30832
1500	26982
15000	28210
15008	27505
15015	27150
15022	30350
15024	26947
15031	29473
15040	31092|31263
15048	26570
15057	25021
15059	29552|30073
15060	31788
15065	31363
15083	29580
15094	27481
1510	25688|26770|27346
15111	31524
15115	28785|30885
15118	28277
15121	29118
15126	31401|31969
15133	27244
15139	28969
15144	30034
15150	25821|27625
15162	24968|28989|29827
15172	26309|30727
15173	30751
15176	29914|30821
15183	27310
15184	30041
15190	31184
15194	31000
15198	25098|28847|29252
15203	28039
15205	31285|31874|31876
15207	26983
15210	30412
15211	28150
15212	31221
15213	25794|27427|28999|29187
15215	27519|28644|28662|28663
15217	29960|29961|30117|30190|31765
15218	26944
15225	28643|28662
15229	26675
15230	26434|27091|28820|28922|31051
15243	28650|28662
15249	27519|27602|28662|28663
15253	32040
15257	31369
15258	25088|26944
15259	30534
15260	29247
15262	28464
15265	29955
15267	32023
1527	28303
15274	29734|30542|30632
15275	25273|26002|26735|29393|32141
15278	27519|27602
15284	31603
15290	32192
15300	28644|28662|28663
15302	27519|28650|28662|28663
15308	27602|28646|28649|28658|28662|28667
15313	28408|28418|28462
15321	32250
15326	31190
15331	28662|28663
15334	28181|28387|28533
15335	29812|29813
15337	29859
15342	30480
15351	31130
15357	30553|31084
15358	27157
15360	26944
15365	29510|30120
15370	31637
15374	29188
15383	26602
15384	30531
15386	32018
15387	28302
15389	25523|29577
15392	31007
154	31193|31512
15401	30840
15407	26020|32198
15408	32036
15410	29560
1542	25087|30077|30591|31025
15426	26216|27815
15431	25372
15436	29972
1544	27440
15443	25097|26060|26102|27520|29428|31365
15448	25837
1545	31884
15458	26203|29847
15470	30988
15479	32228
1548	29704|31783
15482	26067|26330
15483	24912|26069|29545
15484	30951
15490	32088
15494	31822
15495	31686
1550	27039
15517	31313|31486
15519	29499
15521	27520
15522	30743
15528	31449
15539	29426|31657
15548	30097|30429|31511
15549	30019|32206
15550	31648
15552	25872
15561	27548|27551|27552|27932
1558	27368
15596	29521|29850
15603	29963
15604	30094
1561	25420|28976|29274
15614	25559|29191|30856
15624	26363|26849|28074|29022|29896|31122
15626	27605
15629	26807
15639	31040|31045
15642	31144
15646	26880
15648	24936|29687
15660	28938
15672	29122
15693	31014
15697	32070
15710	30920
1572	28810|31182
15722	28958
15732	28662
15739	27956
15747	25019|30120|30206
1575	28020|29694
15750	25119
15764	25088|25511|25961|25965|26439|27456|29571|30548|31093
15768	30684
15775	25474|27391
1578	32101
1579	27224
15795	27977
15796	27519|27602
15799	31441
15804	25776|26517|27045|30018
15809	31717
15814	31696
15816	31149
15820	25776
15825	27139
15827	25570
15846	31593
15849	30039
15850	28868
15857	30218
15861	31769
15864	31176
1588	25609|25610|31576
15887	31161|31797
1590	32189
15900	31258|31259
15901	30569
15906	28348
15910	31024
15919	30254
15921	25304
1594	30627
15940	30580
15942	31380
1595	29768|29769
15952	31530
15959	30909
15961	30436
1597	31971
1598	30294
16000	31144
1601	28195|28364|28515
16012	26416|26708|26886|30809|31870
16015	29320
16022	25852|31665
16026	29687
16039	26685
16043	30152
1605	32081
16050	27123
16054	29670
16055	25244|25312|26807
16056	25434|26780|26830|28096|28781|30755|32162
16059	30500
16060	29246
16066	31357
16067	29516|29670|30098
16079	31366
1608	32087
16083	30362
16100	28659
16112	30801
16121	31483
16129	29377|31745
16133	30315
16139	28124
16142	26944
16148	25863|28814|30120
16151	29728
1617	25186|30274
16179	26880|31531
16202	29246
16206	25852|31665
16214	26603
16219	29377|31745
16222	26568|26730|27084
16231	29359
16236	27617
16239	29824
16245	28938
1625	31337
16254	27617
16256	26685
16261	26603
16263	31423
16269	29132
16275	26849|28074|29022|29896
16277	27605
16278	29872|30103
1628	27022
16286	31720
16287	26259
16294	32149
16295	29246
16297	31044
163	29168|29609|30249|30380
16302	25312|26259|26274
16306	25666|27910
16312	30648
16317	29600|30284
16322	29795
1633	27546|27859|30519|30525|32247
16336	31650
1634	25087|29272
16340	27620
16353	24875
16356	31560
16365	27292|29866
16367	25017
1637	29452
16382	30430
16389	28286
16393	25604|26920|27262|29015|29415
16404	30677
16407	32003
16411	26842|31017
16423	25604|26920|27262|29415
16435	30690
16437	29165
1645	30080
16455	30188
16468	26954
16469	30009|30354
1647	31360
16470	30430|31531|31579
16489	29916
16491	31116
16492	32112
16503	27214|29124
16506	26920|29415
16508	28831
1651	30194
16517	25559|25570|29175|29176|30120|30861
16518	28965
16523	28980
16528	30141|31960
16530	27440
16531	26923
16532	24886|26067
16570	30120
16571	31344|31718|31857
16581	29364|30843
166	29495
16603	30697
16605	31746
1662	28263
16623	31567
16625	30762
16626	25303|29361|30595|31860
16637	32102
1664	27768|29729
16656	25230|26448|26780
16659	26944
16661	25334|31526
16667	26161
16673	29947
1668	28932
16683	30908
16686	26101
167	30120
16703	31397|31939
16714	26621|27833|30498|30499
16717	28785|30885
1672	25035
16721	26426|27996|29670
16722	26117|27754|27757|30402
1673	28824|29358|31599
16740	27999
1675	25088|30475
16750	32177
16764	30554
16777	27602
1678	27040
16788	31188
16791	25410|30736
16795	30055
16803	27684
16805	26588
16813	32092
16814	26055
16818	30156
16821	27628
16822	31356
16823	32097
1683	25603
1684	27687
16844	28073
16846	31354
16863	26799|31181
16866	29760|29867
16867	25335|26067|27146|27147|27148|27149|29601
1687	31522
16879	30870
1689	25154
16890	30486
16893	24874|27827
16895	31272
16902	26538
16905	29947
16906	28264
16909	28682
1691	25642
1692	27249
16929	25218
16933	29019|29309
16940	30222
16941	31541
16947	26748|32045
16958	24985|30888
16959	31414
16960	31000
16961	27998
16978	30107
1699	24858|24885|25542|26021|26141|26925|29132|30330|30331
16998	30006
17	25128
1700	31050
17004	29249|31139
17007	28168
17009	28412|28413
1701	30599
17012	30822
17014	28165|28167|28228|28244|28245|28481
17022	25387
17026	27473|27479|29453
17035	25332|31200
17046	31944
1705	25088
17057	30122
17068	30853|31831
17078	31552
17079	31344|31718|31857
17080	24908|27312
17081	25387|31194
17084	27505
17085	28359
17086	25391
17087	31587
17089	30317
17094	26055
17095	29591
17102	30832
17103	30153
17106	29640
17115	26202|27803|31094
17118	25304|25522|25624
1712	29126
17122	31780
17127	26055
17131	30676|31767
17132	26067|26110|27717|28730|28867
17133	31564
17135	31134
17138	25010|25511|25961|25965|26439|26902
17139	29568
1714	30967
17140	31923
17143	29212
17145	31438
17146	27080|31548
17150	25312|29280
17155	29847
17157	26621|27080
17161	31735
17162	25958|26617
17163	29558|29565
17166	27801
17171	30339
17175	29847
1718	25653|31469
17181	27867|30116
17193	32055
17194	27602|32056
17195	27756
17199	29751
17200	26259
17203	29353
17205	30106
17206	25203|30733
17209	27999
1721	27331
17210	31997
17212	31676
17213	30090|32072
17215	27602
17222	26161
17225	29166|29360
17226	27653|30753
17227	32129
17230	27377|29932|31816
17231	27081|29387
17234	26521|26954|29524|29881
17240	30859
17245	31681
17246	32097
17249	29133
1725	30994
17251	31392
17260	30450|31906
17261	27305|27363
17263	29708
17271	30803
17285	27519
1729	31833
1731	31166
1741	26891|26895|30565
1748	30321
175	30386
1750	31669
176	26063|26092|29662|30589|30964
1767	26978
1777	25593
1781	29606|31211
1782	28198
179	24929|25188|25192|25482|25707|26004|29201
1790	28789
1799	31684
1805	30533
1807	31898
1808	25954
1818	30120
1820	30104
1821	24908
1822	26993
1826	27445
1829	31006
1830	26428
1834	27531
1838	29600|29847|31037
1840	27532
1842	28419
1844	30571|31919
1846	28338
1849	32089
1850	28059
1855	29086
1858	31795|31824
1862	31398
1863	28011|28807
1864	26839
1865	27405
1869	27803|31094
1871	27062
1873	32137
1874	28116
1875	25747|29419
1877	26722
1879	28733
1882	29388|31410
1883	28841
1885	30777
1890	25863|29670|31471
1900	25915|26284|26522|27587|29655|30616
1901	27382
1909	29632|30792
191	29046
1913	27319
1914	27868|30866
1918	24913
1921	27554
1923	27722
1924	27615|29014
1925	28836|29178
1932	29749
1934	31220
1937	32212
1938	26057|26288
1939	26308|31631
1944	28313
1947	30779
1950	27160
1953	25088|25194|25879|28037
1954	30756
1957	32265
1959	31349
196	28205
1965	30013
1967	29450|30140
1968	30493
1969	31829
1973	30643
198	28254
1981	29454
1982	32064
1986	26969
1989	29676
1995	27575|29542
2	29732
2003	29321|29497|29548|29888|30422|31679
2006	32244
2007	25427|27571|27769|28811|28980|31121
2008	31274
2019	30978
202	26078|32196
2029	29900
2034	31843
2035	29569
2045	31743
2049	30872
2052	25038
2070	30308
2071	29865
2073	31624|32017
2076	25943|29837|31146
2089	25640|28723
2091	30528
2097	27279|28817
2100	29899
2106	31393
2109	29670
211	27267
2115	30900
2120	29910
2123	30158
2129	29792|30167|30563
2131	29224
2137	29420
2147	30312
2150	27708
2154	25494
2156	31439
2158	27485
2159	31801
2170	24912|32155
2171	29102
2173	29437|30880
2178	27469
218	29100|31208
2183	29465|29594|31527
2194	30347
2196	25790|25791|25816|28718|29158|29283
2199	32103
2205	31770
2207	30851
2208	31036
2212	31945
2216	25088|30712
222	26130
2221	31129|31897
2223	28671|30477
2229	29183
2240	28923
2241	30896
2244	32015
2246	31242
2247	27175
2251	29841
2252	25089
2263	31988|32012
2267	30685
2288	25532|26258|28883
2290	28982
2292	32248
2293	32167
2297	29532
2307	26576
2309	25985
2316	31336
2320	29670
2321	30258
2327	29574
233	27872
2334	27165|27824
2335	30479
2336	25710|30962
2339	30383
234	30769
2343	29424
2347	32233
235	28013
2350	25301|25304|31781
2357	31254
2358	25694|29481
2359	31702
2366	25951
2369	30860
2370	30506
238	30518|30524|30526
2381	31803
2384	25299
2386	26448|28769
2387	31942|31949
2395	27519|27602
2398	32211
2399	26768|26769
2401	26673
2403	27359
2406	26522
2408	27013|32124
2409	26126
2411	29975
2413	31169
2418	31453
2419	30446|31064
2423	30939
2425	30355
2427	25157|26416
2429	30449
2435	29300
2439	24907|30230
244	31852
2440	30189
2444	30750
2463	29884
2464	25892
2471	30270
2473	31742
2474	31879
2478	31362
2479	27501|29407
2483	26780
2487	28473
2489	28211|28287
2491	28368
2492	28101
2498	28321
2503	28501
2508	28243
2512	25230|28285|28455
2513	28126
2514	28350
2515	28119|28200|28231
2516	28282
2520	28331
2521	28308|28523
2531	28412|28414
2534	28240|28241|28563
2537	28327
2538	28505
2539	28587
2541	28534
2542	28388
2543	28215
2544	28250
2545	26484|28179|28295|28608
2546	28306
2547	28516
2548	28470
2553	28585
2561	28477
2566	28438
2568	28442
2569	28354
2572	28246
2574	28224
2579	28371
2583	31498|31882
2584	29832
2585	24886|25983|26288|29416|29676
259	26321
2593	29599
2594	31848
2597	30451
2598	27556
2602	27272
261	28528
2613	27624
2619	25126
2620	31490
2624	27746
2627	32138
2634	31508
2636	31237
2638	27781
264	30842
2640	31537
2641	32014
2646	29195
2654	32207
2657	30635
266	28275|28466
2663	30300
2667	25089|29589
2669	32243
267	24896|26163|26164|27211|30371|30961
2670	27433
2680	29398|30560
2685	27403
2686	27812
2689	26024|30150
2693	31753
2694	31663
2699	25454|27449
27	26184
270	32176
2700	31929
2703	26563|32119
2709	31290
2718	24950
2722	27803|31667
2724	26820|26870|30163|30164
2728	31289
2731	25677|31402
2736	29248
2740	25717
2745	32181
2746	32127|32214
2747	31306
2756	28040
2759	32063
2763	30789|31243
2765	26621
2767	29902
2771	31823
2775	29060|29223|32049
2780	30949
2783	25088|25089
2784	31613
2789	26252
279	27448|31764|32246
2790	27696
2794	25069|26031|29109
2795	25087|27502|29791|30475
2796	31340
2799	30905
280	28033
2804	31591
2806	29579
2809	26836|29562|29579|29651
281	28485
2815	28948
2820	26472|26473
2821	31540
2835	32182
2844	30111
2845	29558|29565
2846	29640
2848	29925
285	26812
2852	25910|27099
2854	27438
2855	32060
2859	30162
286	31384
2864	27104
2866	25340|30325
2867	30803
2880	28091|28987|30064
2884	29993
2888	27735
2894	25304
2896	25921
290	31448|32187
2900	32105
2908	29315|31967
2916	29294
293	31785
2930	27338
2940	31676
2942	30629
2943	25304|27295
2945	25651|31278
296	29937
2964	25395|26937
2968	28788|31035
2971	30642
2972	31433
2973	25025
2974	24920
2978	27163
2981	25200|27859|30794
2983	30154
2988	25343|28903|31223
2992	31316
2996	32264
2998	31350
3018	31931
302	26969
3022	27162
3024	25023|30660|30703
3028	28700
3030	28812
3032	28009
3035	29139
3041	25416|26192
305	25087|26038|29227|31018
3050	32052
3052	30578
3059	29203|30409|31478
306	30065
3061	28803
3066	32121
3067	29088
3069	32152
3075	31808
309	28336|28475|28487
3090	30216
3092	26956
3096	28845
3097	29114
3106	29406|30338|31458
3107	25089|29276|29478|32062
3109	25468|26137|26386|26445|26575
3111	28961
3112	29146
3113	30291
3115	29906
3118	31111
3122	30576
3124	25552|26168
313	32202
3134	31127
3138	28809|28953
314	31740
3141	30402
3144	32065
3146	29391|29701
315	28814
3151	25642
3157	32249
3161	29204
3163	25304|30268|30269
3166	25609
3167	30247
3169	26254|30799
3172	30584
3173	29836
3176	30318
3180	30159
3181	31056
3186	28072
3187	31089
3189	27820
3194	28974
3202	25665|26133|26139|26154|27314
3206	30940
3210	26559|27745|28819
3214	25302|25304|29095|29361
3223	26988|31413
3225	27557|30168|30172|30520
323	31647
3234	25421|29803
3236	29870|31654
3238	29178|29586
3246	31924
3247	26409
3248	30368
3255	27355
3256	30421
3260	31308|31320
3263	26622|30283
3266	31405
3267	26967
3268	31901
3271	29964
3276	29083|29345
328	31677
3283	31175
3285	31917
3289	25658
3291	26623
3292	27836
3296	29847
3297	31627
33	31065
3300	27730
3302	31414
331	31046
3312	28856|28933
3315	31625
3318	26143|29938
3319	26439
3320	30197|30797|30886
3321	28083
3323	27936|29828|31830
3327	30387
3330	24948|30043
3336	25001|25822|29465
3337	26429
3344	30702
3349	26780
335	30606
3356	30066
3357	29563
3358	32261
3369	28768
337	28276
3371	28821
3388	29666
3389	32237
3390	27987
3391	27955
3392	30603|30607
3395	27543
3396	29909
3401	30870
3402	29939
3408	28100
3409	27136
3414	30433
3415	31214
3419	29333|29755|31912
3420	26307
3423	25983|29581
343	32146
3431	25099
3436	30973|32245
3445	26321|29600|29847
3448	27837|31247
3449	25304|25522
3454	27535|31989
3457	31895
3460	32095
3462	25077|25372|25376|26014|26015|26016|26027|27682
3463	29617
3478	30032
348	27602|31372
3480	24850|25922|27598|30025
3482	26646
3486	32144
349	27240|31798
3492	30289
3493	26207|26549|28989
35	26655|29371|29470
3501	25148|25150|25543|25651|25955|26268
3502	28994
3503	31550
3508	26729|30465
351	31810
3511	25655
352	28166|28363|28606
3520	28980
3525	32021
3527	27439
3531	28984
3540	25122|25304|26979|28835|31009
3549	30784
355	29353
3551	31532
3552	30246
3560	30585
3562	31154
3568	25589
357	27803|29337
3575	29739|30757|30818|31394
3578	26094|27366|27367
3580	30328
3581	32255
3585	28963|29159
3586	29483
3594	30654
36	29177|29272|30695
3601	30037
3602	32204
3603	31972
3605	27519|27602
3609	27584
3610	25088|26541|27572
3618	30476
3623	25623|25649
3625	30878
3626	31238
3630	30517
3637	29571|30659
3638	27030
3642	27379
3643	32234
3655	25087|26780|27871
3656	30640
366	26087
3663	24858|26926|28783
3665	27602
3666	27693
3668	31333
3669	30901
3673	26542|28070|30655
368	29723
3688	26662
3690	26160|27726|30001
3700	27802
3701	31060
3704	26861
3715	25065|25848|26064|26283|26345|26349|28712|29354|29421|30646
3725	29725
3728	25427|26428|27571
373	30344
3730	25912
3734	29980
3735	30063
3739	27795|30467
374	29600|30017
3745	31802
3746	27371
3749	29174
3753	28065
376	28695
3762	29600|29791|29847|29867|30560
3765	32075
3773	32263
3778	25642|32190
378	24895|29091
3782	31545
3783	27529|27530
3786	25280
3787	26909
3791	27258
3796	27293
3797	30931
3804	29285
3806	31495
3807	31790
3813	31978|31979
3815	32165
3817	31560
3819	30375
3820	30954
3823	25020|25124
3828	31845
3837	31999
384	25608
3845	28825
3846	28699|30802
3847	29411
3849	26366|27869
3853	30370
3856	30848
386	26111|29747
3861	30377
3874	26585
3878	31521
388	29644
3883	28984
3885	32104
3886	30935|30936
3887	30987
3890	27959
3898	32116
3899	28897|29296
3900	30701
3905	26847|31264
3906	30897
3907	26869|30125|30357|30385
3912	31994
3914	27576
3922	32153|32154
3925	25281
3929	26067|29458
3930	30793
3931	25493|26079|29623|29627|30503
3933	31928
3945	31834
3946	29179
3950	26703
3952	31416
3954	31792
3959	25601
396	29232|31025
3961	31291
3966	29944
3968	25609|27755|29205
3974	31195
3976	26297|32123
3981	32267
3986	31996
3989	31925
399	26943
3994	29798|30959
3997	25677
3998	27636
3999	30464
400	26310
4002	27540
4006	31273
4009	29612|32231
4011	29555|30128
4016	26084
4026	29418|31148
4030	31573|31574
4033	30484
4039	31664
404	27255|31474
4042	31744
4045	28971
4048	30791|31590
405	30767
4052	31832
4053	31598
406	28257|28258|28268|28269
4061	27108|29012|31322|32028
4071	31600
4078	29493
4079	27115
408	30118|31652
4080	30508
4082	26628
4083	27428
4084	26731|28705|30663
4085	26709|27844|29231
4090	25624
4092	29349
4093	24923
4104	26196
4106	29135
4107	26265
4109	25403|25404|25407|25412|27058|29190|29520
4110	32266
4116	30015|31940
4117	26523
4118	29240|31620
4119	28633
4120	28955
4122	32242
4130	31395
4132	27173|27775
4134	27675
415	27519
4151	31138
4154	29600|30120|31048
4155	32238
4156	30749
416	25087
4171	30213|30556
4173	29541|31617
4174	30700
4175	30989
4182	27515|32215|32217
4185	32136
4190	25215
4196	27900|32179
4198	31415
4204	28984|29898
4206	28858
4207	25304
4210	25459
4213	27626
4215	29174
4217	31865
4228	32268
4229	26303|31690
4233	29350
4235	27519|27602
4243	29989
4246	26775
4249	27718
425	27259
4255	25318
4257	30910
4258	29028
4259	30774|30944|31275
4266	31504
4270	26537|30956
4272	28066|30079
4274	30209
4279	31003
428	29670
4280	29784
4300	29811
4302	25028|29797|31110|31491
4304	25885|32257
4309	28010
4310	26185|30296
4314	25088
4322	27298
4324	28694
4325	30444
4328	26994
4329	31437
4333	32048
4334	25462|30060
4335	27251
4336	31106
4340	30775
4348	29239
4350	26171|31231
4351	30196
4353	30724
4354	30605
4357	27846
4359	25088|25194|28037|29612|31025|31034
4361	30392
4365	26638
4367	26615
4368	29079
4375	30737
4379	32093
438	29123
4385	28846
4394	29369
4397	31630|31675
441	32178
4416	30072
4418	31694
4424	31555
4425	31311
4428	28871|29821|32224
4429	26704
443	25121
4432	27191
4434	27890
444	29021
4440	26640|30772
4442	31544
4446	26934
4449	31826
445	30445
4450	27214|29124
446	29771
4469	26991
4478	27488|28982
4486	28689
4488	31730
4490	26596
4496	25108|26102|29209|29410|29428|30309
4518	25642|30819
4519	27396
452	28922
4520	27138
4522	30088|31183
4523	30428
4524	28940
4526	30086
4527	28855|29414|29746|30257|31239
4530	27571|29036|29241
4536	25001|25822|29307
454	26733|28726|29600|30009|31752
4543	27453
4544	29389
455	25377
4551	31890
4554	26780|29021
4556	29670
4558	30114
4559	31167
4560	25171|25172|29744
4563	30509
4567	31572
4572	31580
4574	30814
4578	31145
4579	27354
4591	26214
4592	29946
4593	27805
4596	26147|27709|27985
4597	29278
4601	24908|29185
4604	31614
4605	31878
4606	25101|28957|30322
4607	26134
4609	32001
4610	25116
4613	26944
4615	30261
4617	24909|25110|25646
4623	25429|28691|31086
4635	32084
4642	26689
4648	31341
4657	30225
4659	30495
4660	25533|31103
4665	26806|30980
467	26319
4674	30673|30914
4675	31731
4676	26534|26775
4680	27519
4682	30298
4684	29039
4687	29568|31704
4699	31612
47	27851
4702	27549|30217
4705	27562|31762
471	28335
4717	30272
4718	29054
4719	29740
4721	29593|31868
4722	25960|32183
4731	29940|29941
4735	30996|32188|32191
4737	30918
4738	29539
4739	30869
474	26699|31913
4742	27512|30487|31222
4744	25088|29612|31049
4745	31695
4746	27048
4747	31245
4750	24962|31586
4754	30923
4756	29681
4757	29174
4759	31162
476	29509|31187
4764	31705
4775	32232
4776	31671
4777	30546|30557
4778	27904|29226
478	24838
479	27867|30116
4792	26184
4795	32148
4797	27672|31219
4800	31246
4804	31068
4805	26787
4810	30014
4814	31201
4817	26065|26066|29250
4818	28715
4847	27152
485	26854|27390|28029|30239
4851	30633|30707
4854	28499
4860	26429
4869	27694
487	29677
4877	31457
4881	31809
4883	25214|25216|25219|29049|29522|29672|29673
4885	27444
4887	25893|26320|29806
4894	30745
4904	28027
4907	29995
4911	25609
4912	29763
4914	25213
4915	30243
4921	27732
4929	25699
4933	30587
4937	25140
4946	27962
4955	27758
4959	29597
4966	25120
4968	25304
4970	31261|31262
4972	30916
4975	25361|26952|30372|30374
4976	29026
4988	31726
4992	25087|25088|25089|25961|26038|26295|26780|29097|30426|30695|31367
4994	31088
4999	27020
50	32074
5003	29198
5005	26548
5010	28980|30475
5011	31708
5018	28330
5020	28221|28496
5024	28403|28409
5028	26885
5030	31953
5031	26259
5037	31196
5039	28956|29856
504	31267
5044	30351
5051	30947
5056	31760
5057	25194|28037|31025|31031
506	25517|27158
5063	30440|32208
5066	31500
5070	30030
5074	27823
5080	24848|25239|26267
509	30143|30561
5090	27361
5097	27218
5099	26214
5100	29999
5101	24896|28998
5103	25598
5104	28902
5106	25651|29284|29554
5113	32226
5115	26597
5118	29737|32096
5122	30454
5124	24928
5140	28079
5144	25518|29393|30618
5147	30028
5151	30157
5157	31295
5168	27885
5169	27002
5171	30388
5174	25845
5176	27519
5178	28572|28597
5179	28340|28610
518	31109
5189	26731|30787|30788
519	28559
5198	26090|29882|30857
5202	30952
5203	31581
5217	30427
5221	29040|29600
5230	32042|32057
5233	31487|31488
5237	26325|29698
5239	30891
524	25652|27276|28882|30420
5244	29616
5246	26729|30562|30730
5250	25642
5254	29132
5267	27233|28982
5269	26089
527	25781|29055
5270	31881
5271	28508
5274	30995
5276	27494
528	30109
5283	28233
5290	28437|28545
5291	28337|28353
5292	26433|29670|30549
5303	30382
5305	30622
5310	31250|31251|32033
5314	30915|31711
5317	30574
5318	27522
5327	29395
534	26706
5342	25988
5347	25178|25846
5348	25657
5360	26027|31406|31407
5364	31755|32016
5375	30572
538	30488
5382	26780|30695
5383	28256
5384	28346
5387	27519
5388	28366
5390	28778|29596
5391	26710
5394	25084
5396	29319
540	32210
5403	29466|30728
541	25600
5421	25502
5423	26919
543	26184|30998
5432	30932
5434	28259
5435	28347
544	25087|25502|26038|26184|29612
5440	30139|30431|30763
5446	26001|27665
5448	29257
5454	27200|29471
546	27361|29706
5460	31578
5467	31712
5471	25139
5475	25049|27211
5477	31429
5478	25217
5481	27246|29282
5482	30142
5485	31359
5487	31621
5488	30806|32043
549	30327
5490	30419
5500	26102
5502	25049|25054|26578|26592|27112|29930|30319|31352|31447
5515	28217
552	30608|31883
5520	26163
5521	30108|31321
5525	25087|30854
5528	27093
5530	30876
5531	27430
5542	26944
5544	31083
5550	32004
5558	26690
5559	27711|29791
5564	31104
5566	29295
5571	31682
5575	26759
5576	28286
5578	28571
558	26940|26941|26942
5584	29279|29661
559	26288
5590	32008
5598	31538
5601	28980|30475
5603	28219|28430
5605	25100|31436
5606	28361
5610	28427
5611	28623
5625	27648
5637	29442|29443|29444
5643	32132
5644	27116
5647	25296
5655	30482
5664	30581|31147
5666	31241
5672	31856
5675	25164
5677	25431
5678	31889
568	31608
5680	30205
5685	25088
5686	26601|30661
5691	26828|27205|28962
5693	25909
5698	30314|30390
570	29472
5702	29055
5704	27503
5718	25027
572	29202
5728	30641
573	30699
5730	29633
5735	26042|26357
5742	31691|32019
5743	24886
5749	29048
5754	29864|30894|32201
5758	28996|29307
5759	30275|30277
576	28800
5762	31784
5763	26486
5769	30022
577	27859|28048|30782
5770	29222
5771	29147
5775	26527
5777	25055|25056|26384|26387|30057
5778	31548
5779	26167
5782	31541
5785	27208
5789	29238
579	28012|29628
5794	32027
5797	27352
5801	26643|29005
5803	32118
5806	26198
5813	29427
5818	31846
5820	29507|30256
5829	29233
5834	30132
5835	29802
584	29887
5840	31298
5848	25089
5866	25942|30748
587	29476
5878	25715
5880	28193
5884	31562
5887	25387|31194
5888	31853
589	27994
5892	30358
590	29759
5902	25105|30214|30570|30716
5904	30397
5906	31564
591	28449
5910	30273
5918	30977
5920	25609
5923	26132
5930	24897|24959|25609|27894|29124|30192
5935	31906
5941	26416|26886|30809
5943	29997|30976|30992
5944	31850
595	29962|30418
5957	32076
5960	31981
5964	28212
5966	29133
5969	30363
597	28140|28189|28284|28558
5972	29162
5977	27602|29228|29753
5978	27892
5986	29244
5997	28989
5998	28989
5999	25387|26270|26554
6	25319|27214|29907|30054
60	31514
6000	25372
6001	29148
6007	26174
6014	31920
6016	26862
6017	31986
6019	27243|29833|30523
6028	28362
6047	29189|30928
6049	28175
6050	28433
6057	30657|31339
6062	27794
6067	28377
6073	30062|30457
608	29210
6081	30391
6086	28234
6088	26627
609	32094
6095	31411
610	30903
6101	31309
6103	28323
6104	30288|30602|32170
6105	27196|30042
611	28296
6111	27623
6113	28356
6115	28369
6116	31240
6128	29286
6132	26027
6136	31493
6139	31022
6145	27168
6146	27602
6148	25268|32038
6158	30710
6163	29438|29440
6179	31286
6184	27120
6185	28576
6187	26739
6191	29289
6194	28984
6196	29112
6198	31010|31343
62	28102|28143|28185|28482|28506
6202	25342|27195
6210	29669
6212	25558|29448|29722
6221	30160|30161|31719
6223	25304|28984|29225|29840
624	26820|26870|30286|30287
6240	29220
625	30245|30483
6263	29705
6265	24901|26645
6269	25406|27059|27062
6278	31332
6279	26639|29004
6284	26873
6287	31607
6292	32262
63	29144|29334
6300	31916
6302	31722
6305	30481
631	29057
6320	29943
6322	29217|31837
6325	25796|28063
6329	25088|25419|29671|30695
6338	29339
6340	29639
6343	29270
6351	30783
6352	31426
6358	29032
6360	28922
6364	24836
6365	25877|29742
6368	26944
637	28717|29178|31002
6370	26288|30231
6373	30074
6374	30930
638	25632|30178|32061
6380	31137|31454
6381	28034
6382	26923
6386	26732
639	26871|31155
6390	26775
6402	26184|29163
6408	25967|27859|30776
641	29268
6418	25423
6422	32059
6423	29743|30522
6424	32013
643	32135
6442	25010|25087|25502|25965|26780|27709|28980|29919|30695|31093|31434
6444	31510
6445	25677|27614
6454	30417
6456	29245
6458	27181|27733
6465	25393|25628
6467	29087
647	27801
6479	30986
6487	25624|26102|26541|27770
6497	30545
6498	30811
650	25252|26377
6502	28016
6509	29342
6510	25776|26259|26535|26978
6511	30668
6515	24863|29967
652	25470
6520	29711
6521	30895
6535	25984
6536	27870
6538	30434
6540	31338
6545	25628|25629|29645
6547	26113|28690|30798
6548	31215
655	26978|28429
6551	30102
6557	29031|29372
6562	26279
6564	31961
6566	32100
6567	27258
657	27883
6572	26808|31015|31904
6573	25103|26522|31485
6574	28092
6579	28130|28570
6583	25304
6586	29649
659	28333
6596	30023
66	25018|25033|25034|26033|26241|26367|28967|28968|30120|30169|30378
6600	25718|31542
6601	30502
6603	29194
6609	27729
6615	31191
6617	29410|29559
6619	31099|31119
6625	28095|32020
6628	32051
6630	31594
6634	25088|25089|25461|25822|26146|30695
6636	29912
6648	30099|31789
6656	25304|25578|25624|26978|28764|30336
6658	26286
6670	29664|30089|30120
6672	27518
668	30927
6680	31186
6686	31927
6687	26773
6688	31517
6692	29243
6693	25868|32253
67	26027
6707	24912
6709	27735
6713	30540
6716	25493
6719	29041
6720	29778
6724	29804
6731	31501|31503
6734	31432
6738	32172
6741	26820|29699
6749	29152
6757	27555|27564|29412
6761	27537
6763	31057
6765	25107
677	25087|31117
6773	25642|27848
6777	29788|29908
6783	29929
6786	28960
6796	27217|29600
6797	31484
6798	27547|31909|31910|31911
6799	25235|25721|26544|27872
68	28524
680	27189
6805	29508
6807	31266|31872
6808	25740|27024|27651
6810	26824
6817	26102
6818	25360|27026|30367
6826	27585
6836	31678
6839	24981|24982|25041|25734|27971
6843	29957
6846	31812
6850	30244
6851	24886
6853	25677|28814
6857	25135|26175|31807
6858	32108
6859	32145
6860	28071|28706|28765
6875	24964|25304|25704|27838|29212
6885	29134
689	32115
6892	25162|26440|30096
6898	29852|31255
6906	26944
691	29877|30621|31556
6912	25087|29782
6918	29567|30734
6925	30597
6926	26416|29598|31072|31073|31563
6930	31440
6931	26259|29847|31054
6937	25502|30366|30413
6939	30970
6942	29299
6945	32111
6947	27588
6949	31265
6951	30120|31813
6958	30644
6959	30614
6967	25339
6973	30262
6976	29256
6981	27130
6983	31723
6986	29568
6992	31342
6994	26448
6997	26361|30452|30453|30849
7001	28089
7007	25929
701	27059|27061|27389
7012	25076
7019	30958
7021	26718
7032	27702
704	25098|26521|26954|29524|29881
7047	25068
7058	28716
7059	30187
7061	31661
7067	29935
7068	31680
7069	25304
7072	30988
7073	30020
7079	31720
7084	25088|27394|29600
7087	28047|28679|28898
7094	30313
7100	27602|31873
7102	28067
7107	27772
7113	29182
7115	30341
7119	25193
7121	27169|27170
7124	30100
7125	26780
7130	25800
7131	27475|29062
714	25147|26102|27620
7144	27519
7147	29218
715	28981|29092|29201
7153	31918
7157	31225
7161	31558|31589
7163	28879
7164	25541|30652
717	30458
7186	27440
7188	31609|31943
7190	29768
7191	27133
7194	31296|31297
7195	32225
7196	26172|27263
7199	25517|25518|27158|29201
7204	26740
7206	26943
7209	25861|27888
7212	26945
7216	25230
7226	25780
7233	31628
7235	30059
7236	31381|31959
7245	30998|32128
7247	29344
7249	30045
725	27375
7251	31383|31674
7252	31421
7254	29716
7255	27335
7256	25087
7257	30278
7258	30943
7267	25520
7271	27547|28950|29754
7276	29352
728	25098|29880|30714
7290	29178
7293	25970|30513
7294	31202
7308	26469
7310	31662
7312	31758
7314	25049|29853|32120
7319	30948
732	31318
7320	31950
7327	26922
7328	27578
7336	31796
7342	27159|29924
7343	30183
7348	32069
7349	26567|29312
7350	25201|31827
7357	29934
7359	28980|31861
7361	25467
7363	30658
7364	29835
7365	30714
7374	30324
7376	27602
7379	24978
7381	31374
7383	26611|26829|32066
7386	24971|25417|25744|25754|25849|26343|26348|26577|26849|27954|29261|29735|29799|29863|32025
7393	29676|30462
7397	30604
7398	31427
7399	31750
7402	26890
7406	27928
7407	26729
741	25609
7413	27493
7423	25304|27710|29374
7425	27965
7426	31539
7427	31734
7430	27182|29449
7431	28750
7437	25087|25822|26184|26553|27754|29227|29325|30348|30472|30590
7449	31713
7454	28085
7456	25010|26255|26306|27685
7464	29790
7491	30389
75	29306
7503	26753|31709
7504	26928|29748|31077
7509	26899
7512	31451
7516	28014
7517	29467
752	30898|31554
7521	25514
7527	27014
7532	29237
7533	27163
7544	25102|30212
7545	27915
7549	30746
7550	31756
7553	30539
7554	31033
7563	25866|26633|27602|27661|29502|30698
7564	25493|29505|29506
7565	29781
757	29776
7580	31224
7582	26784
7583	27178
7587	31739
7588	31926|31938
7589	30329|30438
759	27092|29670
7590	31387
7600	26184
7603	31859
7605	31518
7607	29340
7611	31300
7619	31276|31277
7628	27538
7629	32073
7646	31891
7652	31693
7663	30345
7666	31880
7668	31688
7669	29976|31102
7672	31353
7677	31528
768	27059|27061
7684	26416|26886|28674|31095|31096
7688	27635
7689	25022
7691	31715
7692	31689
7693	30864
7697	31404
7698	25087|25088|25089|25520|25765|26609|27685|27709|27715|29455|31197
7699	30781
770	32209
7700	31420
7701	27055
7703	26118|29115
7706	27876
7707	31409
7719	29973
7723	27009|29482
7727	25540|26143|26145|27709
7728	26142|29047|30295
7735	25520|26780|30695
7742	27684|30095
7743	29685
7744	24977|25568|26329|32235
7763	31177
7766	25890|27560
7768	24912
7769	25890|27560|27593
7770	31921
7773	32067
7774	24896|29324
7777	25087|25088|26038|26187|31368
7786	28073
7787	26448|30515
7788	28895
7791	30191
78	26833
7811	32175
7813	31475
7816	25123
7819	31271
7824	30352
7832	31842
7834	30813
784	27155
7840	27019|27596
7843	25503|25841|27985|29272|31817
7851	31773
786	26929|28875|32026|32030
7860	25730
7869	24985|30888
7881	26595
7883	26827
7891	25607
7893	30662
7895	26164
7896	25776|26937|30120
7899	29297|29410|29428
7903	30552
7904	29276
7907	29988
7908	31871
7913	31952
7915	32218
7916	29124
7921	32034
7923	25805
7924	27406
7925	32114
7926	31721
793	29193
7930	27031|27032
7932	27817
7933	26732
7945	31932
7952	30984
7953	25464|30202
796	26593|31105
7972	27590|29826
7979	30061
7986	31466
7988	24874|27827
7989	25670|29331
7990	25938|27590|32122
7995	26838
8	27140|29670
8006	29024
801	27277
8015	29430|30720
8016	31956
8017	26083|26848|30630
8019	26459|29568
8020	27848|30492
8026	31791
8036	26740|30147
8041	26884|31766
805	25811|27107|29178|29260
8052	29998
8061	27607|27840|29876
807	31198
8071	31902
8072	26877
8084	29236|29468|29885
8090	32147
8096	29288|30271
8099	32099
8104	27320|28894
8105	27964
811	25431
8113	27843
8114	27095
812	32197
8123	31543
8130	31227
8133	26660
8142	31425
8165	25642|27848
8172	24866
8173	28980
8175	31635
8176	29340
8181	30780
8184	29890
8187	29174
8193	26039
8197	31143
8206	31786
8208	25335|26068|29310
821	27034|28970
8210	32143
8212	29267
8214	28830
8216	32022
8230	26742
8232	27519
8241	24910
8245	27903|31403|31776
8252	29307|29653|29654
8265	31055
8268	29571
8278	31583
828	29431
8281	25727
8286	30863
8291	29696
8295	27422
8296	31305|32200
8298	25304
8303	31108
8304	29970|31862
8310	25677|28814|30999
8312	27491
832	30361|31480
8336	30155
8370	26780|31805
8379	30875
8399	29138
8400	28207|28209
8407	28187|28271
8408	28315
8412	28320
8413	28216
8417	28345
8421	28351|28612
8423	28352
8426	28349|28405
8430	28184|28594
8431	28283
8432	28213
8435	28253|28378|28426|28555
8439	28324
8441	26553|28595
8443	28149
8444	27496
8448	28412|28413
8451	28292|28472
8454	28300
8456	25264|31970
8461	31235
8467	26600
8469	30124
8477	28980
8492	26990
850	25087|25089|26780|29475
8501	27519
8507	26588
8509	27012
8519	25826|25827|25830|29405
8520	24914
8524	29326|31039
8527	30829
8530	27489
854	24902|26468
8540	24906
8543	26939|31864
8544	30398
8559	31079
8563	26820|29953
8566	25008|31782
8567	31248
8573	31163
8579	29794|30566
8583	30696
8585	30760
8586	29561
8588	31391
8591	29408
8592	24940
8596	32180
8597	26433|32006
8598	31058
8603	25304
8605	26605
8615	30826|31955
862	30981
8626	30972
863	31597
8637	24927|25199
8641	25088
8645	32134
865	29667
8650	32079
8651	30027|30804
8652	26538
8661	25087|26716
8668	29080
867	26732
8675	31090
8678	29623
8681	31666
8687	25677
8688	27387
8694	30359
8696	31479
870	27616
8700	30820
8717	30410
8724	25229
8726	30215
8732	31091
8742	28856|29050|29868
8752	29600|30073|30120|31047
876	29752
8761	28814|32082
8769	31716
8779	27627
8782	27378
8788	27741
8791	26922
8792	27872
8793	31899
8798	25136|26670|29394
8804	30024
8806	28851|30210
8808	25645|26442|28008
8809	31431
8815	27362
8816	31534
882	30473
8821	27486
8825	31361
8834	25438|32054
8841	27519
8844	30609
8851	32109
8853	30963
8854	31751
8855	30129
8860	27740
8864	26288|26466
8865	27492
8868	25863|31934
8869	26200|29277
8870	31000
8881	31026
8883	27303
8888	29825|31497
8893	31212|31983
8895	32213
8896	24886
8897	27918
8899	29663|30706
89	26269
890	32203
8906	31165|31502
8908	30448|30825
8914	31820
8922	30674
8925	25886|29713
893	31954
8930	31855
8933	27887|28980|29571|29638|31003|31806
8935	27329
8937	31412|31794
8941	25657
895	29093
8956	32010
8961	29085|29154
8967	29498
897	27674
8973	27176
8979	25282|25286|25287|29316
8980	27309
8984	31787
8985	27962|30195
8986	24890|25430|25980|26385|26911|27199|27311|27646|28732
8987	31701
8993	27404
9000	30238
9002	32041
9004	29789
9007	31228
9013	29951
9016	29808
9020	32029
9038	31900
9048	29607
9050	30815
9059	26771
906	29534
9070	28027
9076	29757
9077	29693
909	30686|30834
91	24896|27573
9103	31323
9110	32222
9124	30537
9127	29378
9128	25158|25237
9129	32230
9132	29479
9136	30507
9144	31329
915	30764
9155	30688|31533
9158	32194
9167	25304
9173	32085
9189	27052
92	30369
9200	30316
9201	27113|28043
9202	28090
9203	32106
9205	25088|25460|25624|26125
9212	29302
9213	24969|25085|27441|32259
922	25220|27059
9227	31334
9245	29974
9260	27377|31816
9265	26987
9272	32139
9277	28740|29164|29192|29736|30181|30758
9282	29446
9287	31071
9291	31849
9294	28984
9296	26985|27068|27606|28838
9306	31288
9310	28161|28566
9311	28322
9312	28511
9313	26922
9314	31281
9315	29197
9317	27349
9325	25962|26374
9330	31012
9331	29855
9335	25490
9337	27519|27602
9338	31993
9339	31113
9353	28141
9356	28105|28196|28294|28415
9364	30807
9369	25145|30494|30722|31468
9370	31385
9372	25751
9373	29219
9382	27219|29290
9384	28381
9387	27906
9398	28236|28289|28543
9401	30639
941	25488
9411	30470
9413	31948
9417	28458|28617
9421	25088|26173|27637
9422	31622
9428	28984
9435	28933
9437	31957
9442	31461
9443	30768
9445	26288
9448	27583|28787|29741|30975
945	32129
9450	29670
9455	28080
9457	31170
9468	31279|31523
9469	28404
947	29720
9470	25812|26111|27985|28980|29410
9476	30933
9477	31998
9481	30922
9482	30917
9503	25088|25100|25972|26780|29272|30725|30726
9504	27806
9505	26012|29656|30408
9508	31041|31042|31043|31905
9516	31445
9517	31476
9523	31256|31257
9526	26301
9528	29169
9532	29622
9538	29404
954	24995
9543	25554|28041
9547	28088
9549	26883
9552	27094
956	24847|24848|24849|25240|25246|25254|25731|26678|29875|30695|31141
9560	28176
9563	31685
9564	28192
9572	31800
9585	27190
9586	28344
959	28743
9593	28273|28274
9595	32107
96	28813|29076|31314
9610	29096
9616	28434|28604
9617	31428
9619	29341
9624	27519
9627	25609
9629	25146|25651|26268|29284|29553|29566|29572
9636	30198
9638	29618
9640	31535
9641	31557
9643	30009|32050
9645	31272
9647	32254
9654	26184
9655	30691
9656	30151|30717
9664	28937|28980
967	29628
9670	30252|30405|30615
9673	30881
9675	27545
9686	29399
969	31645
9692	25378
9694	27280
9698	27356
970	26189
9705	32071
9711	27848|30364|31119
9712	28046
9718	28984
9730	29120|31724|31877
9733	27905|29336
9734	30638
9737	31876
9739	26731
9751	28538
9752	29750
9758	28859
976	26184|30695
9760	31525
9766	27231
9768	29200
9772	25455|28329|30120
9773	27577
9780	27290
9783	25130
9786	27121
9788	31997
9792	26749
980	28223
981	25590|31216
9823	30790|31496
9827	31601
9832	27582
9834	32055
9836	25330|31325
9837	31180|31207
9839	29298
9841	30738
9842	32037
9847	25104|25768|25894|26179|26281|26792|27434|28020|29314|29948|30541|32000
9848	29867|30002|30337
9849	25538
9851	25279|25844|26845|28675
9853	29724
9859	26184
9863	24887|26604
9872	26915|27832|27879
9883	26044|31964|32258
9897	32140
9900	29756
9905	27611
9911	31642
9916	27797
9924	31356
9926	25930
9934	27256
9944	28722
9954	26802
996	31778
9968	31283
9974	31213
9980	26955|29271|31152|31456|31793
9988	30619
9989	31887
